time,x,y,z
4411,-0.9219,-1.504,-0.2214
4431,-0.9219,-1.504,-0.2224
4446,-0.9243,-1.506,-0.2202
4464,-0.9239,-1.506,-0.2191
4478,-0.9232,-1.506,-0.219
4495,-0.9224,-1.506,-0.2194
4513,-0.9222,-1.506,-0.2193
4534,-0.9219,-1.506,-0.219
4551,-0.9219,-1.506,-0.2189
4563,-0.9219,-1.505,-0.2189
4582,-0.9218,-1.505,-0.2188
4596,-0.9218,-1.505,-0.2189
4612,-0.9216,-1.505,-0.219
4631,-0.9218,-1.505,-0.2192
4646,-0.9217,-1.505,-0.2191
4664,-0.9218,-1.505,-0.2191
4682,-0.9217,-1.505,-0.2192
4696,-0.9214,-1.506,-0.2193
4713,-0.9214,-1.506,-0.2193
4731,-0.9212,-1.506,-0.2195
4747,-0.9211,-1.506,-0.2198
4761,-0.921,-1.506,-0.22
4778,-0.921,-1.506,-0.2201
4796,-0.9209,-1.506,-0.2202
4811,-0.9205,-1.506,-0.2206
4830,-0.9205,-1.506,-0.2204
4845,-0.9205,-1.507,-0.2204
4865,-0.9204,-1.506,-0.2205
4878,-0.9203,-1.506,-0.2206
4899,-0.9203,-1.506,-0.2207
4912,-0.9203,-1.506,-0.2205
4928,-0.9203,-1.506,-0.2205
4944,-0.9203,-1.507,-0.2205
4964,-0.9203,-1.506,-0.2205
4982,-0.9202,-1.506,-0.2207
5001,-0.9201,-1.506,-0.2207
5017,-0.9201,-1.506,-0.2207
5030,-0.92,-1.506,-0.2206
5046,-0.9201,-1.506,-0.2206
5063,-0.9201,-1.506,-0.2206
6896,-0.9269,-1.508,-0.2175
6920,-0.9256,-1.505,-0.2189
6930,-0.9238,-1.503,-0.2206
6948,-0.9231,-1.505,-0.219
6964,-0.9231,-1.505,-0.2189
6984,-0.9231,-1.506,-0.2179
6999,-0.9231,-1.506,-0.2178
7019,-0.9229,-1.506,-0.2171
7032,-0.923,-1.506,-0.2165
7044,-0.923,-1.506,-0.2164
7062,-0.9227,-1.506,-0.2158
7080,-0.9227,-1.506,-0.2158
7094,-0.9226,-1.506,-0.2157
7263,-0.9229,-1.511,-0.2178
7280,-0.9275,-1.51,-0.2181
7296,-0.9239,-1.506,-0.2166
7313,-0.9239,-1.506,-0.2166
11067,-0.9218,-1.507,-0.2168
11068,-0.9218,-1.506,-0.2173
11068,-0.9221,-1.506,-0.2167
11068,-0.9219,-1.506,-0.2169
11069,-0.9211,-1.506,-0.217
11070,-0.9212,-1.506,-0.2171
11070,-0.9212,-1.506,-0.217
11070,-0.9212,-1.506,-0.217
11070,-0.9212,-1.506,-0.217
11070,-0.9211,-1.506,-0.2168
11070,-0.9211,-1.506,-0.2166
11071,-0.9214,-1.506,-0.2167
11071,-0.9214,-1.506,-0.2167
11071,-0.9214,-1.506,-0.2167
11071,-0.9212,-1.506,-0.2166
11071,-0.9212,-1.506,-0.2166
11071,-0.9213,-1.506,-0.2167
11072,-0.9214,-1.506,-0.2167
11082,-0.9214,-1.506,-0.2167
11109,-0.9212,-1.506,-0.2166
11120,-0.9212,-1.506,-0.2166
11121,-0.9211,-1.506,-0.217
11131,-0.9212,-1.506,-0.2166
11154,-0.921,-1.506,-0.2165
11162,-0.9209,-1.506,-0.2163
11181,-0.9209,-1.506,-0.2163
11196,-0.9207,-1.507,-0.2163
11212,-0.9206,-1.506,-0.2162
11230,-0.9207,-1.506,-0.2162
11245,-0.9207,-1.506,-0.2162
11265,-0.9207,-1.506,-0.2163
11289,-0.9208,-1.506,-0.2164
11302,-0.9207,-1.506,-0.2163
11313,-0.9206,-1.506,-0.2163
11331,-0.9201,-1.506,-0.2165
11346,-0.9193,-1.506,-0.2169
11362,-0.9185,-1.505,-0.2174
11381,-0.918,-1.504,-0.2177
11394,-0.9179,-1.504,-0.2177
11415,-0.9194,-1.502,-0.2174
11431,-0.93,-1.495,-0.2146
11452,-0.9309,-1.494,-0.2144
11948,-0.4967,-1.631,-0.1431
11948,-0.4952,-1.625,-0.1479
12083,-0.9252,-1.506,-0.215
12100,-0.9254,-1.506,-0.2129
12116,-0.9282,-1.504,-0.2142
12132,-0.9283,-1.503,-0.2139
12148,-0.9283,-1.503,-0.2139
12168,-0.9282,-1.503,-0.2127
12187,-0.9282,-1.502,-0.2119
12199,-0.9286,-1.502,-0.2115
12214,-0.9287,-1.502,-0.2114
12230,-0.9288,-1.503,-0.2113
12250,-0.9287,-1.503,-0.2109
12267,-0.9294,-1.503,-0.2108
12282,-0.9295,-1.503,-0.2107
12296,-0.9296,-1.503,-0.2108
12315,-0.9296,-1.503,-0.2109
12330,-0.9297,-1.503,-0.2109
12349,-0.9297,-1.503,-0.2108
12364,-0.9298,-1.502,-0.2105
12382,-0.9297,-1.502,-0.2105
12398,-0.9298,-1.502,-0.2105
12420,-0.9299,-1.502,-0.2105
12553,-0.9302,-1.501,-0.2103
12581,-0.93,-1.501,-0.2105
12586,-0.9299,-1.501,-0.2107
12609,-0.93,-1.501,-0.2106
12609,-0.9298,-1.5,-0.2106
12609,-0.9293,-1.499,-0.2106
12610,-0.9292,-1.5,-0.2106
12610,-0.9292,-1.5,-0.2106
12610,-0.9292,-1.5,-0.2105
12611,-0.9288,-1.5,-0.2106
12611,-0.9291,-1.5,-0.2105
12614,-0.9288,-1.5,-0.2106
12633,-0.9281,-1.5,-0.2102
12648,-0.9273,-1.501,-0.2102
12665,-0.9267,-1.5,-0.2104
12682,-0.9263,-1.501,-0.2105
12699,-0.9262,-1.501,-0.2104
12716,-0.9253,-1.5,-0.2102
12731,-0.9249,-1.5,-0.2104
12750,-0.9243,-1.501,-0.2101
12767,-0.9242,-1.501,-0.21
12783,-0.9238,-1.502,-0.2094
12799,-0.924,-1.503,-0.2092
12818,-0.924,-1.503,-0.2087
12831,-0.9238,-1.503,-0.2086
12853,-0.923,-1.505,-0.2073
12864,-0.922,-1.506,-0.2052
12881,-0.9223,-1.509,-0.2039
12907,-0.922,-1.51,-0.2035
12915,-0.9227,-1.51,-0.2037
12934,-0.923,-1.51,-0.2037
12949,-0.9224,-1.51,-0.2034
12964,-0.9223,-1.51,-0.2032
12987,-0.9227,-1.512,-0.2012
13000,-0.9236,-1.514,-0.1979
13012,-0.9244,-1.515,-0.1971
13032,-0.9243,-1.515,-0.1964
13047,-0.9248,-1.516,-0.1952
13064,-0.9247,-1.515,-0.1946
13087,-0.9243,-1.515,-0.1933
13099,-0.9243,-1.515,-0.1927
13113,-0.9249,-1.514,-0.1919
13131,-0.9249,-1.514,-0.1921
13748,-0.9331,-1.506,-0.2133
13766,-0.9316,-1.506,-0.2138
13782,-0.9325,-1.507,-0.2132
13797,-0.9316,-1.507,-0.2112
13815,-0.9311,-1.507,-0.2095
13833,-0.9313,-1.506,-0.2079
13849,-0.9322,-1.506,-0.2071
13865,-0.9322,-1.506,-0.2068
13881,-0.9321,-1.507,-0.2052
13898,-0.9321,-1.508,-0.2045
13914,-0.9325,-1.508,-0.2036
13932,-0.9325,-1.508,-0.2033
13948,-0.9327,-1.508,-0.203
13969,-0.9327,-1.508,-0.2019
13987,-0.9332,-1.509,-0.201
13998,-0.9333,-1.509,-0.2006
14015,-0.9335,-1.51,-0.1994
14033,-0.934,-1.511,-0.199
14046,-0.9341,-1.512,-0.1983
14063,-0.9342,-1.512,-0.1978
14081,-0.9343,-1.512,-0.1975
14097,-0.9345,-1.512,-0.1979
14114,-0.9358,-1.514,-0.1982
14131,-0.9359,-1.514,-0.1978
14148,-0.9372,-1.515,-0.1976
14164,-0.9388,-1.515,-0.1978
14188,-0.9395,-1.515,-0.1985
14206,-0.9404,-1.514,-0.1984
14216,-0.9407,-1.515,-0.1981
14232,-0.9418,-1.514,-0.1977
14247,-0.9432,-1.514,-0.1971
14264,-0.945,-1.514,-0.1967
14280,-0.9456,-1.514,-0.1964
14297,-0.9466,-1.513,-0.1959
14313,-0.947,-1.512,-0.1954
14330,-0.947,-1.511,-0.1942
14346,-0.9476,-1.511,-0.1938
14365,-0.9487,-1.51,-0.1927
14381,-0.9505,-1.51,-0.1914
14395,-0.9529,-1.508,-0.1891
14413,-0.9538,-1.508,-0.1884
14431,-0.9561,-1.506,-0.1855
14447,-0.9585,-1.505,-0.1845
14465,-0.96,-1.504,-0.1833
14492,-0.9611,-1.504,-0.1825
14497,-0.9626,-1.503,-0.1813
14514,-0.965,-1.501,-0.1793
14533,-0.9653,-1.5,-0.1795
14553,-0.9664,-1.499,-0.1787
14563,-0.9687,-1.498,-0.1789
14584,-0.9695,-1.497,-0.1792
14596,-0.9714,-1.496,-0.1794
14612,-0.9726,-1.496,-0.1788
14630,-0.9734,-1.496,-0.1799
14647,-0.9736,-1.495,-0.1807
14663,-0.9739,-1.495,-0.1821
14681,-0.9746,-1.494,-0.1842
14697,-0.9757,-1.494,-0.184
14714,-0.9751,-1.494,-0.1862
14731,-0.9743,-1.494,-0.1891
14747,-0.9752,-1.494,-0.1893
14766,-0.9734,-1.494,-0.1903
14783,-0.971,-1.494,-0.1912
14800,-0.9696,-1.494,-0.1917
14814,-0.9677,-1.493,-0.1924
14831,-0.9679,-1.493,-0.1927
14850,-0.9659,-1.493,-0.1934
14865,-0.9643,-1.494,-0.1935
14884,-0.9643,-1.495,-0.1937
14897,-0.9642,-1.495,-0.1939
14915,-0.9632,-1.496,-0.1929
14927,-0.963,-1.496,-0.193
14944,-0.962,-1.496,-0.1928
14962,-0.9619,-1.496,-0.1929
14991,-0.9617,-1.496,-0.193
14996,-0.9606,-1.497,-0.1925
15012,-0.9597,-1.497,-0.1926
15029,-0.9595,-1.497,-0.1927
15045,-0.9574,-1.497,-0.1927
15062,-0.9558,-1.497,-0.1929
15087,-0.9539,-1.498,-0.1925
15098,-0.9534,-1.498,-0.1926
15113,-0.9535,-1.498,-0.1928
15130,-0.9544,-1.497,-0.1928
15147,-0.9538,-1.497,-0.1931
15165,-0.9536,-1.497,-0.1931
15181,-0.9535,-1.497,-0.194
15196,-0.9535,-1.497,-0.1944
15215,-0.9534,-1.497,-0.1949
15232,-0.9535,-1.497,-0.1958
15249,-0.9532,-1.497,-0.196
15262,-0.9533,-1.497,-0.196
15280,-0.953,-1.497,-0.1956
15296,-0.9528,-1.497,-0.1957
15316,-0.9529,-1.497,-0.1958
15331,-0.9527,-1.497,-0.1961
15355,-0.9527,-1.497,-0.1961
15372,-0.9522,-1.495,-0.1957
16126,-0.9743,-1.481,-0.1601
16134,-0.9743,-1.481,-0.1602
16150,-0.9732,-1.48,-0.1598
16162,-0.9726,-1.479,-0.1604
16180,-0.975,-1.478,-0.1615
16195,-0.9749,-1.478,-0.1615
16214,-0.9749,-1.475,-0.1631
16232,-0.9745,-1.469,-0.1665
16247,-0.9743,-1.469,-0.1669
18423,-0.9585,-1.488,-0.2171
18432,-0.9565,-1.489,-0.2162
18446,-0.9582,-1.491,-0.2159
18467,-0.9585,-1.49,-0.2141
18485,-0.9559,-1.491,-0.2143
18499,-0.9573,-1.492,-0.2154
18531,-0.9524,-1.489,-0.2147
18544,-0.9529,-1.489,-0.2149
18562,-0.9534,-1.489,-0.215
18578,-0.9535,-1.489,-0.215
18596,-0.9536,-1.489,-0.215
18610,-0.9543,-1.489,-0.2154
18627,-0.9551,-1.489,-0.2154
18643,-0.9552,-1.489,-0.2154
18660,-0.9559,-1.489,-0.2153
18679,-0.9563,-1.49,-0.2153
18693,-0.9562,-1.49,-0.2151
18712,-0.956,-1.49,-0.2151
18728,-0.9561,-1.49,-0.2151
18744,-0.956,-1.49,-0.2151
18770,-0.9561,-1.491,-0.2149
18780,-0.9563,-1.492,-0.2149
18792,-0.9564,-1.492,-0.2149
18810,-0.9565,-1.493,-0.2149
18833,-0.9563,-1.493,-0.2147
18843,-0.956,-1.493,-0.2144
18860,-0.956,-1.493,-0.2144
18879,-0.9561,-1.493,-0.2144
18895,-0.9562,-1.493,-0.2141
18912,-0.9562,-1.493,-0.2143
18929,-0.9562,-1.493,-0.2143
18943,-0.9564,-1.493,-0.2145
18959,-0.9569,-1.493,-0.2147
18976,-0.9571,-1.493,-0.2146
18992,-0.9572,-1.494,-0.2146
19009,-0.9572,-1.494,-0.2145
19030,-0.9574,-1.494,-0.2145
19047,-0.9572,-1.494,-0.2143
19059,-0.9573,-1.494,-0.2143
19078,-0.9574,-1.494,-0.2144
19096,-0.9578,-1.494,-0.2145
19109,-0.958,-1.494,-0.2145
19127,-0.9581,-1.494,-0.2145
19143,-0.9584,-1.494,-0.2146
19159,-0.9586,-1.494,-0.2148
19177,-0.9586,-1.494,-0.2148
19193,-0.9589,-1.494,-0.2148
19212,-0.959,-1.494,-0.2148
19225,-0.9593,-1.494,-0.2148
19241,-0.9594,-1.494,-0.2149
19258,-0.9597,-1.494,-0.215
19274,-0.9598,-1.494,-0.215
19296,-0.9597,-1.494,-0.2149
19309,-0.9602,-1.493,-0.2153
19325,-0.96,-1.493,-0.2153
19341,-0.9602,-1.493,-0.2153
19359,-0.9599,-1.493,-0.2152
19376,-0.9597,-1.493,-0.2151
19392,-0.9597,-1.493,-0.2149
19415,-0.9597,-1.493,-0.2149
19425,-0.9596,-1.493,-0.2148
19444,-0.9593,-1.493,-0.2149
19458,-0.9589,-1.492,-0.2148
19475,-0.959,-1.492,-0.2148
19492,-0.9589,-1.492,-0.2151
19508,-0.9589,-1.492,-0.2152
19524,-0.9588,-1.492,-0.2152
19551,-0.9589,-1.492,-0.2152
19558,-0.959,-1.492,-0.2152
19574,-0.9589,-1.492,-0.2152
19591,-0.9587,-1.492,-0.2152
19608,-0.9587,-1.492,-0.2152
19624,-0.9588,-1.492,-0.2153
19642,-0.959,-1.493,-0.2153
19659,-0.9588,-1.493,-0.2151
19674,-0.9587,-1.493,-0.2151
19693,-0.9587,-1.493,-0.2151
19708,-0.9587,-1.493,-0.2152
19724,-0.9586,-1.493,-0.2152
19743,-0.9587,-1.493,-0.2154
19758,-0.9587,-1.493,-0.2154
19775,-0.9587,-1.493,-0.2154
19791,-0.9588,-1.493,-0.2154
19809,-0.9587,-1.493,-0.2154
19825,-0.9587,-1.493,-0.2154
19843,-0.9585,-1.493,-0.2154
19858,-0.9585,-1.493,-0.2154
19876,-0.9585,-1.493,-0.2155
19895,-0.9585,-1.493,-0.2155
19910,-0.9586,-1.492,-0.2155
19925,-0.9588,-1.492,-0.2156
19941,-0.959,-1.492,-0.2155
19960,-0.959,-1.492,-0.2155
19977,-0.9588,-1.492,-0.2155
19999,-0.9587,-1.493,-0.2153
20011,-0.9588,-1.493,-0.2154
20023,-0.9588,-1.493,-0.2154
20034,-0.9588,-1.493,-0.2154
20051,-0.9588,-1.493,-0.2154
20066,-0.9588,-1.493,-0.2153
20082,-0.9589,-1.493,-0.2154
20103,-0.9588,-1.493,-0.2153
20118,-0.9589,-1.493,-0.2153
20131,-0.9588,-1.493,-0.2153
20148,-0.9588,-1.493,-0.2154
20176,-0.9587,-1.493,-0.2154
20181,-0.9587,-1.493,-0.2154
20199,-0.9587,-1.492,-0.2156
20214,-0.9588,-1.491,-0.2157
20232,-0.9587,-1.491,-0.216
20246,-0.9588,-1.491,-0.216
20264,-0.9587,-1.491,-0.2162
20281,-0.9585,-1.491,-0.216
20298,-0.9587,-1.491,-0.2163
20322,-0.9589,-1.49,-0.2164
20331,-0.9589,-1.49,-0.2164
20349,-0.9588,-1.491,-0.2162
20365,-0.9587,-1.491,-0.2152
20385,-0.9587,-1.49,-0.2153
20405,-0.9579,-1.49,-0.2062
20419,-0.9578,-1.49,-0.2056
20442,-0.9572,-1.488,-0.1952
20448,-0.9571,-1.488,-0.1937
20464,-0.958,-1.486,-0.1839
20480,-0.9578,-1.483,-0.1751
20499,-0.9577,-1.478,-0.1645
20514,-0.9595,-1.473,-0.1559
20531,-0.9596,-1.472,-0.1517
20547,-0.9607,-1.467,-0.1477
20563,-0.9582,-1.461,-0.1447
20580,-0.9568,-1.454,-0.1432
20598,-0.9567,-1.452,-0.1397
20616,-0.9579,-1.443,-0.1374
20631,-0.9595,-1.433,-0.1364
20647,-0.9588,-1.428,-0.1369
20667,-0.9589,-1.424,-0.134
20682,-0.9587,-1.418,-0.1343
20699,-0.9566,-1.407,-0.1344
20718,-0.9565,-1.404,-0.137
20732,-0.9546,-1.398,-0.1382
20747,-0.9544,-1.393,-0.1366
20765,-0.9544,-1.389,-0.1389
20780,-0.9518,-1.382,-0.1424
20796,-0.9514,-1.377,-0.1417
20814,-0.949,-1.374,-0.1458
20834,-0.9456,-1.371,-0.1494
20852,-0.9434,-1.367,-0.1513
20866,-0.9433,-1.37,-0.1514
20883,-0.9426,-1.367,-0.1516
20897,-0.9429,-1.367,-0.1541
20913,-0.9425,-1.367,-0.1566
20931,-0.9419,-1.365,-0.1572
20948,-0.9418,-1.366,-0.156
20967,-0.9406,-1.366,-0.1573
20990,-0.9396,-1.367,-0.1591
21001,-0.9389,-1.366,-0.1587
21014,-0.9383,-1.365,-0.1592
21033,-0.9382,-1.364,-0.1596
21044,-0.9373,-1.364,-0.1592
21064,-0.9369,-1.363,-0.1599
21080,-0.9364,-1.362,-0.1603
21098,-0.9354,-1.361,-0.1598
21114,-0.9352,-1.361,-0.1602
21129,-0.9349,-1.362,-0.1616
21147,-0.9344,-1.361,-0.162
21162,-0.9354,-1.362,-0.1627
21178,-0.936,-1.362,-0.162
21198,-0.9362,-1.364,-0.1627
21215,-0.9359,-1.363,-0.163
21226,-0.9361,-1.366,-0.1637
21244,-0.937,-1.368,-0.1641
21264,-0.9375,-1.37,-0.1644
21278,-0.9373,-1.369,-0.1648
21295,-0.9378,-1.371,-0.1663
21312,-0.9378,-1.37,-0.1675
21329,-0.9375,-1.369,-0.1683
21347,-0.9374,-1.369,-0.1687
21364,-0.9373,-1.369,-0.1691
21379,-0.9372,-1.37,-0.169
21398,-0.9371,-1.373,-0.1697
21414,-0.9369,-1.373,-0.1701
21430,-0.9362,-1.378,-0.1702
21446,-0.936,-1.385,-0.1674
21464,-0.935,-1.391,-0.164
21480,-0.9347,-1.392,-0.164
21497,-0.9321,-1.403,-0.1585
21513,-0.93,-1.409,-0.1537
21532,-0.9271,-1.415,-0.1511
21547,-0.9261,-1.418,-0.1501
21564,-0.9247,-1.422,-0.1472
21581,-0.9229,-1.429,-0.1449
21599,-0.9211,-1.434,-0.1427
21614,-0.9186,-1.437,-0.1415
21632,-0.9174,-1.441,-0.1402
21654,-0.9124,-1.446,-0.138
21664,-0.9085,-1.452,-0.1358
21680,-0.9047,-1.453,-0.133
21699,-0.9027,-1.456,-0.1314
21714,-0.8962,-1.457,-0.1285
21732,-0.8901,-1.454,-0.1267
21748,-0.8844,-1.454,-0.1256
21767,-0.8813,-1.456,-0.1239
21782,-0.8781,-1.452,-0.125
21798,-0.8714,-1.449,-0.1247
21815,-0.865,-1.445,-0.1246
21834,-0.8611,-1.446,-0.1233
21858,-0.858,-1.443,-0.1258
21870,-0.8548,-1.44,-0.1278
21884,-0.8511,-1.436,-0.1302
21901,-0.8474,-1.432,-0.1333
21917,-0.8438,-1.431,-0.1332
21930,-0.8416,-1.426,-0.1349
21946,-0.8397,-1.42,-0.1388
21963,-0.8363,-1.419,-0.1393
21981,-0.8335,-1.413,-0.1433
21999,-0.8313,-1.408,-0.1475
22014,-0.8301,-1.403,-0.1502
22032,-0.8277,-1.399,-0.1539
22047,-0.8249,-1.397,-0.1552
22065,-0.8253,-1.396,-0.1578
22082,-0.8253,-1.394,-0.1609
22099,-0.823,-1.39,-0.1647
22114,-0.8207,-1.388,-0.1665
22132,-0.8184,-1.387,-0.1684
22148,-0.8174,-1.387,-0.1718
22164,-0.8174,-1.387,-0.1737
22182,-0.8157,-1.385,-0.1754
22200,-0.8162,-1.383,-0.1787
22216,-0.8169,-1.381,-0.1823
22232,-0.8178,-1.382,-0.1811
22248,-0.8165,-1.381,-0.1827
22267,-0.8177,-1.381,-0.1836
22284,-0.8179,-1.381,-0.183
22300,-0.8184,-1.381,-0.1826
22318,-0.8176,-1.38,-0.1838
22332,-0.8177,-1.38,-0.1834
22348,-0.818,-1.38,-0.1825
22367,-0.8185,-1.38,-0.1827
22384,-0.8193,-1.38,-0.183
22402,-0.8189,-1.38,-0.1838
22417,-0.8199,-1.38,-0.1838
22432,-0.8213,-1.38,-0.184
22449,-0.8211,-1.379,-0.1847
22467,-0.8217,-1.379,-0.1855
22485,-0.8226,-1.379,-0.1855
22499,-0.8229,-1.379,-0.1856
22516,-0.8228,-1.378,-0.1861
22532,-0.8234,-1.378,-0.1874
22551,-0.8239,-1.377,-0.1884
22565,-0.8245,-1.377,-0.1882
22584,-0.8247,-1.377,-0.1886
22602,-0.8248,-1.377,-0.1891
22616,-0.8254,-1.377,-0.1894
22633,-0.8262,-1.378,-0.1893
22650,-0.8267,-1.379,-0.189
22667,-0.8268,-1.378,-0.1894
22685,-0.8272,-1.379,-0.1893
22699,-0.8271,-1.379,-0.1888
22714,-0.8274,-1.379,-0.1888
22731,-0.8275,-1.379,-0.1891
22748,-0.8275,-1.38,-0.1882
22767,-0.8273,-1.38,-0.1874
22782,-0.8274,-1.381,-0.1871
22798,-0.8275,-1.381,-0.1873
22815,-0.8274,-1.381,-0.187
22831,-0.827,-1.381,-0.1866
22857,-0.8264,-1.381,-0.1865
22868,-0.8265,-1.381,-0.1866
22882,-0.8261,-1.381,-0.1862
22899,-0.8259,-1.382,-0.186
22914,-0.8257,-1.382,-0.1861
22932,-0.8257,-1.382,-0.1862
22949,-0.8255,-1.383,-0.186
22967,-0.8256,-1.383,-0.1861
22986,-0.8259,-1.384,-0.1865
23004,-0.8269,-1.386,-0.1874
23015,-0.827,-1.386,-0.1876
23031,-0.8285,-1.389,-0.1885
23048,-0.8306,-1.395,-0.1889
23064,-0.8323,-1.405,-0.1868
23081,-0.8328,-1.407,-0.187
23098,-0.8315,-1.415,-0.1839
23115,-0.8325,-1.43,-0.1807
23128,-0.833,-1.434,-0.1803
23146,-0.8335,-1.447,-0.1751
23161,-0.8344,-1.458,-0.1698
23180,-0.8372,-1.474,-0.1658
23198,-0.8415,-1.485,-0.1621
23216,-0.8427,-1.492,-0.1602
23231,-0.8455,-1.498,-0.1582
23247,-0.851,-1.508,-0.1551
23262,-0.8563,-1.513,-0.1524
23282,-0.8583,-1.52,-0.1503
23296,-0.864,-1.523,-0.1488
23316,-0.8665,-1.523,-0.1486
23331,-0.8748,-1.53,-0.1448
23349,-0.8777,-1.535,-0.1428
23365,-0.8861,-1.538,-0.1399
23383,-0.8915,-1.537,-0.1391
23399,-0.8976,-1.536,-0.1393
23415,-0.9015,-1.541,-0.1375
23434,-0.9082,-1.542,-0.1381
23444,-0.9152,-1.542,-0.1394
23463,-0.92,-1.54,-0.1404
23482,-0.9074,-1.528,-0.1445
23497,-0.9074,-1.528,-0.1445
23514,-0.9085,-1.529,-0.145
23532,-0.9144,-1.531,-0.1466
23547,-0.9149,-1.531,-0.1467
23564,-0.9279,-1.535,-0.149
23582,-0.9402,-1.536,-0.1497
23599,-0.9483,-1.534,-0.152
23614,-0.9567,-1.533,-0.1541
23632,-0.9606,-1.533,-0.1548
23648,-0.963,-1.532,-0.1538
23665,-0.9688,-1.534,-0.1543
23682,-0.9745,-1.534,-0.1546
23697,-0.9783,-1.534,-0.1551
23714,-0.9788,-1.533,-0.1531
23732,-0.9818,-1.53,-0.1526
23748,-0.9857,-1.528,-0.1521
23767,-0.9877,-1.526,-0.1528
23781,-0.9909,-1.526,-0.153
23798,-0.9941,-1.526,-0.1536
23815,-0.9955,-1.525,-0.1529
23831,-0.9984,-1.525,-0.153
23849,-1.001,-1.522,-0.1523
23866,-1.003,-1.521,-0.1535
23884,-1.005,-1.519,-0.154
23895,-1.008,-1.518,-0.1541
23911,-1.011,-1.517,-0.1532
23931,-1.012,-1.516,-0.1526
23947,-1.014,-1.515,-0.1513
23965,-1.017,-1.514,-0.1512
23982,-1.018,-1.513,-0.151
23998,-1.019,-1.512,-0.1507
24013,-1.023,-1.51,-0.1523
24030,-1.026,-1.51,-0.1523
24049,-1.029,-1.508,-0.1541
24067,-1.029,-1.506,-0.1554
24082,-1.03,-1.502,-0.1568
24101,-1.029,-1.5,-0.1579
24117,-1.032,-1.498,-0.1583
24134,-1.031,-1.498,-0.1595
24148,-1.031,-1.497,-0.1609
24164,-1.029,-1.497,-0.1623
24180,-1.031,-1.496,-0.1629
24195,-1.028,-1.494,-0.1645
24215,-1.027,-1.493,-0.1689
24232,-1.028,-1.492,-0.1699
24246,-1.024,-1.493,-0.1729
24262,-1.018,-1.493,-0.1753
24284,-1.014,-1.494,-0.1806
24296,-1.014,-1.493,-0.1822
24313,-1.01,-1.496,-0.1877
24331,-1.009,-1.498,-0.192
24349,-1.006,-1.499,-0.1953
24367,-0.9993,-1.498,-0.201
24381,-0.998,-1.498,-0.2036
24397,-0.9965,-1.498,-0.2056
24415,-0.9952,-1.498,-0.2077
24432,-0.9949,-1.497,-0.2078
24448,-0.9938,-1.497,-0.2097
24466,-0.9942,-1.497,-0.2091
25449,-0.9861,-1.504,-0.218
25468,-0.9863,-1.504,-0.218
25482,-0.9868,-1.504,-0.2184
25498,-0.986,-1.505,-0.2187
25515,-0.9862,-1.505,-0.219
25532,-0.987,-1.505,-0.2193
25549,-0.9871,-1.505,-0.2194
25564,-0.9873,-1.506,-0.2196
25583,-0.9879,-1.507,-0.2196
25601,-0.988,-1.507,-0.2199
25616,-0.9881,-1.507,-0.2199
25633,-0.9884,-1.507,-0.22
25650,-0.9881,-1.507,-0.22
25666,-0.9883,-1.507,-0.22
25683,-0.9884,-1.507,-0.2201
25702,-0.9884,-1.508,-0.2199
25715,-0.9883,-1.508,-0.2197
25734,-0.9883,-1.508,-0.2197
25750,-0.9884,-1.508,-0.2198
25769,-0.9885,-1.508,-0.2199
25785,-0.9885,-1.508,-0.2199
25811,-0.99,-1.508,-0.2187
25826,-0.9897,-1.508,-0.2189
25843,-0.9896,-1.508,-0.2189
25859,-0.9889,-1.508,-0.2189
25877,-0.9885,-1.508,-0.2189
25893,-0.9885,-1.508,-0.219
25910,-0.9884,-1.508,-0.219
25926,-0.9884,-1.508,-0.219
25945,-0.9884,-1.508,-0.219
26313,-0.9912,-1.506,-0.2228
26330,-0.9907,-1.506,-0.2224
26352,-0.9888,-1.506,-0.2201
26364,-0.9888,-1.506,-0.22
26383,-0.9888,-1.507,-0.2199
26403,-0.9892,-1.507,-0.2198
26415,-0.9896,-1.507,-0.2199
26432,-0.9898,-1.507,-0.2198
26448,-0.9898,-1.507,-0.2198
26465,-0.9897,-1.507,-0.2197
26485,-0.9895,-1.507,-0.2193
26498,-0.9895,-1.507,-0.2195
26514,-0.9895,-1.507,-0.2194
26533,-0.9895,-1.507,-0.2195
26547,-0.9894,-1.507,-0.2196
26567,-0.9894,-1.507,-0.2197
26582,-0.9894,-1.507,-0.2196
26599,-0.9895,-1.507,-0.2194
26615,-0.9896,-1.506,-0.2196
26632,-0.9895,-1.506,-0.2195
26650,-0.9894,-1.506,-0.2195
26665,-0.9892,-1.505,-0.2192
26683,-0.9892,-1.505,-0.2193
26700,-0.989,-1.503,-0.2195
26714,-0.989,-1.503,-0.2194
26730,-0.9889,-1.503,-0.22
26751,-0.989,-1.504,-0.2198
26769,-0.9891,-1.504,-0.2196
26794,-0.9892,-1.503,-0.2197
26804,-0.9893,-1.504,-0.2197
26814,-0.9893,-1.504,-0.2197
26830,-0.9895,-1.503,-0.2195
26852,-0.9897,-1.503,-0.2194
26863,-0.9897,-1.503,-0.2193
26880,-0.9899,-1.503,-0.2193
26899,-0.9903,-1.503,-0.219
26912,-0.9903,-1.503,-0.2189
26930,-0.9907,-1.503,-0.219
26951,-0.9913,-1.502,-0.2191
26966,-0.9914,-1.503,-0.219
26985,-0.9915,-1.503,-0.2189
27007,-0.9913,-1.503,-0.2185
27032,-0.9913,-1.503,-0.2185
27044,-0.9913,-1.503,-0.2185
27061,-0.9913,-1.503,-0.2184
27560,-0.988,-1.506,-0.2204
27578,-0.9882,-1.506,-0.22
27596,-0.9889,-1.507,-0.2199
27610,-0.9888,-1.507,-0.2198
27625,-0.9888,-1.507,-0.2199
27642,-0.9888,-1.507,-0.22
27659,-0.9888,-1.507,-0.22
27674,-0.989,-1.507,-0.2201
27692,-0.989,-1.507,-0.2201
27709,-0.9891,-1.507,-0.2201
27726,-0.9891,-1.507,-0.2201
28330,-0.9886,-1.505,-0.2233
28346,-0.989,-1.506,-0.2221
28363,-0.9882,-1.506,-0.2215
28380,-0.988,-1.506,-0.2212
28398,-0.988,-1.506,-0.2211
28414,-0.988,-1.506,-0.221
28431,-0.9881,-1.506,-0.2209
28455,-0.9886,-1.505,-0.2211
28469,-0.9889,-1.505,-0.2204
28486,-0.9889,-1.503,-0.2186
28502,-0.9889,-1.501,-0.2152
28516,-0.989,-1.501,-0.2148
28530,-0.989,-1.497,-0.2063
28552,-0.9886,-1.491,-0.1929
28565,-0.9886,-1.489,-0.1905
28580,-0.9919,-1.481,-0.173
28596,-0.9979,-1.47,-0.1618
28614,-1.002,-1.461,-0.1579
28630,-1.006,-1.444,-0.154
28648,-1.007,-1.439,-0.1493
28665,-1.015,-1.42,-0.1514
28681,-1.022,-1.402,-0.1562
28699,-1.025,-1.387,-0.1638
28715,-1.028,-1.379,-0.1619
28732,-1.029,-1.368,-0.1689
28754,-1.024,-1.363,-0.1765
28767,-1.023,-1.363,-0.1827
28784,-1.025,-1.356,-0.1835
28800,-1.024,-1.36,-0.1845
28816,-1.021,-1.365,-0.1847
28831,-1.019,-1.368,-0.1855
28850,-1.02,-1.365,-0.1862
28865,-1.018,-1.372,-0.1857
28882,-1.016,-1.377,-0.1863
28897,-1.016,-1.38,-0.1859
28920,-1.016,-1.379,-0.1862
28932,-1.016,-1.382,-0.1857
28950,-1.016,-1.383,-0.1864
28964,-1.016,-1.384,-0.1868
28983,-1.016,-1.383,-0.1871
28996,-1.016,-1.384,-0.1868
29016,-1.015,-1.384,-0.1866
29032,-1.015,-1.384,-0.1852
29053,-1.015,-1.384,-0.1852
29063,-1.013,-1.385,-0.1822
29082,-1.008,-1.387,-0.1744
29103,-1.001,-1.388,-0.166
29120,-0.9992,-1.388,-0.1645
29130,-0.9878,-1.395,-0.1556
29150,-0.9716,-1.4,-0.1445
29164,-0.9558,-1.401,-0.1383
29182,-0.9438,-1.399,-0.1344
29197,-0.9375,-1.399,-0.1306
29216,-0.9288,-1.395,-0.1318
29231,-0.9181,-1.392,-0.131
29248,-0.9112,-1.392,-0.128
29264,-0.9047,-1.387,-0.1311
29285,-0.8971,-1.382,-0.1325
29300,-0.8914,-1.377,-0.1343
29318,-0.8875,-1.373,-0.1362
29334,-0.8812,-1.371,-0.135
29349,-0.879,-1.365,-0.1371
29365,-0.876,-1.362,-0.139
29383,-0.8757,-1.36,-0.1407
29397,-0.8708,-1.358,-0.1403
29415,-0.8706,-1.358,-0.1406
29432,-0.8698,-1.359,-0.1406
29450,-0.8691,-1.357,-0.1429
29465,-0.8656,-1.356,-0.1429
29483,-0.8647,-1.356,-0.144
29501,-0.8641,-1.356,-0.1448
29516,-0.863,-1.355,-0.1438
29540,-0.8605,-1.354,-0.1439
29548,-0.8584,-1.356,-0.1449
29566,-0.8575,-1.357,-0.1468
29596,-0.8566,-1.357,-0.1482
29599,-0.8543,-1.356,-0.1486
29618,-0.8534,-1.357,-0.1503
29634,-0.8531,-1.357,-0.1507
29654,-0.8531,-1.357,-0.1502
29666,-0.8514,-1.357,-0.1505
29686,-0.8508,-1.358,-0.1503
29700,-0.8508,-1.359,-0.1505
29716,-0.8512,-1.36,-0.1497
29733,-0.8514,-1.36,-0.1489
29749,-0.8503,-1.359,-0.1491
29766,-0.8512,-1.36,-0.149
29784,-0.8522,-1.36,-0.1483
29800,-0.8533,-1.36,-0.1476
29814,-0.8526,-1.36,-0.1477
29833,-0.8531,-1.36,-0.1467
29850,-0.8536,-1.359,-0.1462
29871,-0.8537,-1.359,-0.1454
29884,-0.8532,-1.359,-0.1454
29898,-0.8535,-1.359,-0.1451
29914,-0.8538,-1.359,-0.1445
29930,-0.8542,-1.36,-0.1439
29951,-0.8539,-1.36,-0.1437
29968,-0.8545,-1.36,-0.1434
29984,-0.8555,-1.361,-0.1436
30005,-0.856,-1.361,-0.1435
30018,-0.8563,-1.361,-0.1437
30029,-0.8562,-1.361,-0.1436
30047,-0.8569,-1.361,-0.1437
30065,-0.8574,-1.361,-0.144
30081,-0.8573,-1.361,-0.1439
30099,-0.8579,-1.361,-0.1443
30115,-0.8591,-1.362,-0.1454
30132,-0.86,-1.364,-0.1462
30150,-0.8601,-1.364,-0.1463
30165,-0.8597,-1.366,-0.148
30182,-0.8588,-1.369,-0.1477
30200,-0.8578,-1.37,-0.1476
30216,-0.8577,-1.37,-0.1477
30236,-0.8599,-1.385,-0.1431
30252,-0.8693,-1.416,-0.1321
30266,-0.8756,-1.429,-0.1316
30284,-0.8782,-1.435,-0.1304
30299,-0.8799,-1.441,-0.1292
30316,-0.8852,-1.448,-0.1312
30332,-0.8882,-1.455,-0.1307
30355,-0.8926,-1.455,-0.1324
30369,-0.8977,-1.457,-0.1303
30381,-0.9003,-1.462,-0.1296
30399,-0.9108,-1.466,-0.1305
30414,-0.9198,-1.465,-0.1307
30432,-0.9238,-1.469,-0.1303
30448,-0.9343,-1.464,-0.131
30465,-0.9402,-1.453,-0.1297
30480,-0.9464,-1.445,-0.1291
30501,-0.9515,-1.446,-0.1287
30515,-0.9606,-1.433,-0.1271
30532,-0.966,-1.424,-0.1275
30548,-0.9704,-1.415,-0.1276
30565,-0.9759,-1.413,-0.1273
30581,-0.9808,-1.406,-0.1295
30597,-0.9853,-1.397,-0.1318
30615,-0.9863,-1.388,-0.1289
30631,-0.991,-1.384,-0.1287
30647,-0.992,-1.372,-0.1282
30664,-0.9886,-1.367,-0.1291
30681,-0.9866,-1.358,-0.1332
30698,-0.9895,-1.352,-0.1335
30714,-0.9844,-1.35,-0.1342
30732,-0.9816,-1.343,-0.1384
30748,-0.977,-1.345,-0.1376
30765,-0.9732,-1.341,-0.1411
30783,-0.9737,-1.337,-0.1419
30796,-0.9673,-1.33,-0.143
30813,-0.9615,-1.325,-0.1489
30831,-0.9564,-1.324,-0.1516
30847,-0.9553,-1.319,-0.1531
30868,-0.9495,-1.318,-0.1523
30882,-0.9439,-1.313,-0.1527
30899,-0.9401,-1.311,-0.1536
30919,-0.9381,-1.308,-0.1546
30931,-0.9339,-1.304,-0.1581
30951,-0.9276,-1.299,-0.1587
30967,-0.9242,-1.294,-0.1605
30981,-0.9216,-1.29,-0.1618
30998,-0.918,-1.284,-0.1639
31013,-0.9152,-1.279,-0.1657
31032,-0.9179,-1.282,-0.1657
31047,-0.9159,-1.279,-0.1669
31065,-0.916,-1.277,-0.1676
31081,-0.9159,-1.273,-0.1691
31100,-0.9162,-1.27,-0.1702
31114,-0.9147,-1.267,-0.1713
31129,-0.9162,-1.267,-0.1722
31147,-0.9175,-1.268,-0.1762
31163,-0.919,-1.27,-0.1783
31181,-0.9181,-1.267,-0.1797
31197,-0.9209,-1.269,-0.182
31215,-0.922,-1.27,-0.184
31236,-0.9211,-1.27,-0.1827
31253,-0.9207,-1.271,-0.183
31264,-0.9204,-1.27,-0.1839
31281,-0.9217,-1.269,-0.1873
31298,-0.9225,-1.271,-0.1887
31314,-0.9239,-1.273,-0.1898
31331,-0.9238,-1.273,-0.1911
31353,-0.9239,-1.276,-0.1906
31367,-0.9251,-1.278,-0.1895
31380,-0.9261,-1.28,-0.1883
31396,-0.9262,-1.279,-0.189
31413,-0.9269,-1.281,-0.1877
31429,-0.9287,-1.285,-0.1883
31446,-0.9289,-1.285,-0.1889
31465,-0.9296,-1.292,-0.1861
31480,-0.9278,-1.294,-0.1812
31499,-0.9254,-1.301,-0.1742
31515,-0.9247,-1.306,-0.1692
31531,-0.9245,-1.307,-0.1682
31547,-0.9235,-1.315,-0.1613
31566,-0.9203,-1.324,-0.1513
31582,-0.9185,-1.323,-0.1462
31600,-0.9178,-1.326,-0.1436
31616,-0.9114,-1.33,-0.1349
31632,-0.9059,-1.335,-0.1292
31648,-0.9032,-1.338,-0.1255
31664,-0.9013,-1.342,-0.1219
31683,-0.9002,-1.344,-0.1178
31698,-0.8976,-1.348,-0.1145
31720,-0.8955,-1.351,-0.1115
31731,-0.8937,-1.354,-0.1081
31747,-0.8875,-1.357,-0.1033
31763,-0.8829,-1.359,-0.1007
31785,-0.8782,-1.359,-0.09975
31798,-0.8755,-1.362,-0.09648
31819,-0.8713,-1.362,-0.09696
31832,-0.8692,-1.361,-0.09713
31849,-0.8658,-1.362,-0.09821
31866,-0.8598,-1.361,-0.09831
31882,-0.8567,-1.363,-0.09621
31897,-0.8546,-1.362,-0.09864
31915,-0.8518,-1.361,-0.1013
31932,-0.8488,-1.363,-0.1001
31947,-0.8463,-1.361,-0.103
31964,-0.8402,-1.359,-0.1064
31982,-0.8391,-1.357,-0.109
32000,-0.8373,-1.353,-0.1121
32015,-0.8344,-1.354,-0.1121
32034,-0.8348,-1.352,-0.1157
32052,-0.8358,-1.35,-0.1197
32062,-0.8336,-1.35,-0.1204
32080,-0.8334,-1.349,-0.1236
32096,-0.8326,-1.347,-0.1272
32114,-0.8326,-1.346,-0.1308
32132,-0.8331,-1.345,-0.1334
32148,-0.8316,-1.344,-0.1348
32165,-0.8329,-1.344,-0.1377
32181,-0.8349,-1.345,-0.1393
32199,-0.8355,-1.345,-0.1398
32216,-0.8347,-1.344,-0.141
32233,-0.835,-1.344,-0.142
32260,-0.8348,-1.344,-0.1432
32271,-0.8356,-1.343,-0.1437
32286,-0.8369,-1.343,-0.1453
32298,-0.8365,-1.343,-0.1465
32314,-0.8379,-1.342,-0.1492
32332,-0.8384,-1.343,-0.1483
32351,-0.8382,-1.343,-0.1494
32364,-0.8387,-1.343,-0.149
32381,-0.8393,-1.343,-0.1487
32400,-0.8396,-1.342,-0.148
32416,-0.8395,-1.342,-0.1487
32431,-0.8398,-1.342,-0.1482
32448,-0.8395,-1.342,-0.148
32464,-0.8395,-1.342,-0.1485
32481,-0.8402,-1.341,-0.1492
32497,-0.8401,-1.341,-0.1497
32515,-0.8407,-1.341,-0.1502
32532,-0.8409,-1.34,-0.1506
32548,-0.8409,-1.34,-0.1505
32565,-0.8409,-1.34,-0.1509
32581,-0.8406,-1.34,-0.1508
32597,-0.8403,-1.339,-0.151
32615,-0.8402,-1.338,-0.1513
32634,-0.8401,-1.338,-0.1517
32649,-0.8403,-1.337,-0.1521
32666,-0.8402,-1.337,-0.1527
32683,-0.8401,-1.337,-0.153
32700,-0.8401,-1.337,-0.1533
32716,-0.8403,-1.336,-0.1537
32733,-0.8403,-1.336,-0.1539
32747,-0.8405,-1.336,-0.1539
32765,-0.8405,-1.336,-0.1542
32784,-0.841,-1.336,-0.1544
32798,-0.8417,-1.336,-0.1546
32818,-0.8418,-1.336,-0.1541
32831,-0.8418,-1.336,-0.1544
32849,-0.8421,-1.336,-0.1541
32864,-0.842,-1.336,-0.154
32882,-0.8419,-1.336,-0.1539
32897,-0.8419,-1.336,-0.1541
32914,-0.8418,-1.336,-0.1541
32931,-0.8417,-1.336,-0.1542
32947,-0.8415,-1.336,-0.1542
32965,-0.8415,-1.336,-0.1544
32982,-0.8413,-1.336,-0.1544
32998,-0.8406,-1.336,-0.1548
33016,-0.8405,-1.336,-0.1552
33033,-0.8404,-1.336,-0.1558
33049,-0.8403,-1.336,-0.1561
33067,-0.8406,-1.337,-0.1557
33082,-0.8409,-1.337,-0.1564
33100,-0.8411,-1.337,-0.1564
33117,-0.8411,-1.337,-0.1567
33133,-0.8413,-1.338,-0.1564
33149,-0.8417,-1.338,-0.1563
33166,-0.8425,-1.34,-0.1561
33186,-0.8426,-1.34,-0.1564
33203,-0.8443,-1.344,-0.1555
33224,-0.8452,-1.35,-0.1548
33232,-0.8448,-1.355,-0.1533
33253,-0.8451,-1.357,-0.1534
33270,-0.8461,-1.362,-0.1494
33284,-0.8501,-1.372,-0.1435
33297,-0.853,-1.381,-0.1384
33312,-0.854,-1.385,-0.1373
33330,-0.8598,-1.399,-0.1325
33347,-0.8692,-1.411,-0.1278
33364,-0.8735,-1.416,-0.1248
33381,-0.876,-1.421,-0.1227
33398,-0.8794,-1.429,-0.1209
33413,-0.8852,-1.44,-0.1183
33432,-0.8921,-1.451,-0.1168
33446,-0.8954,-1.458,-0.1147
33464,-0.9002,-1.468,-0.1136
33481,-0.9047,-1.475,-0.1147
33501,-0.913,-1.48,-0.115
33514,-0.917,-1.486,-0.1135
33532,-0.9259,-1.495,-0.1129
33548,-0.9293,-1.502,-0.1135
33564,-0.933,-1.505,-0.1166
33582,-0.9373,-1.511,-0.1158
33599,-0.9404,-1.514,-0.1185
33615,-0.9433,-1.517,-0.1206
33634,-0.9494,-1.521,-0.1234
33649,-0.9531,-1.524,-0.1278
33666,-0.9573,-1.529,-0.1282
33682,-0.9601,-1.529,-0.1302
33701,-0.9638,-1.53,-0.1335
33716,-0.9646,-1.531,-0.1374
33733,-0.9682,-1.535,-0.1386
33750,-0.9695,-1.537,-0.1411
33768,-0.9684,-1.536,-0.1407
33883,-0.9721,-1.535,-0.1446
33897,-0.9713,-1.535,-0.1457
33913,-0.9769,-1.536,-0.1502
33932,-0.9773,-1.537,-0.1506
33947,-0.9813,-1.537,-0.1524
33964,-0.9871,-1.536,-0.1527
33979,-0.9921,-1.533,-0.1525
33997,-0.9935,-1.533,-0.153
34016,-1.001,-1.528,-0.1529
34032,-1.006,-1.522,-0.1527
34049,-1.013,-1.515,-0.1512
34071,-1.016,-1.507,-0.1495
34081,-1.019,-1.505,-0.1497
34097,-1.023,-1.492,-0.1466
34116,-1.026,-1.48,-0.1422
34131,-1.027,-1.469,-0.1384
34147,-1.03,-1.464,-0.1375
34164,-1.032,-1.452,-0.1365
34181,-1.031,-1.441,-0.1357
34197,-1.03,-1.432,-0.1352
34216,-1.032,-1.425,-0.1343
34230,-1.033,-1.412,-0.1336
34248,-1.032,-1.395,-0.131
34265,-1.026,-1.38,-0.1322
34281,-1.027,-1.371,-0.1314
34299,-1.023,-1.361,-0.1341
34313,-1.022,-1.352,-0.1375
34329,-1.02,-1.344,-0.1409
34346,-1.02,-1.335,-0.1412
34365,-1.02,-1.325,-0.1471
34379,-1.016,-1.318,-0.1501
34396,-1.013,-1.311,-0.156
34412,-1.012,-1.302,-0.1576
34429,-1.01,-1.293,-0.159
34445,-1.004,-1.284,-0.1628
34465,-0.9996,-1.28,-0.1631
34479,-0.9981,-1.272,-0.1649
34496,-0.9944,-1.269,-0.1658
34513,-0.9935,-1.269,-0.1677
34531,-0.9909,-1.269,-0.1674
34549,-0.9892,-1.263,-0.1689
34563,-0.9879,-1.266,-0.1711
34580,-0.9874,-1.267,-0.1731
34598,-0.987,-1.271,-0.1723
34615,-0.9856,-1.268,-0.1736
34631,-0.9861,-1.27,-0.1727
34653,-0.9849,-1.271,-0.1711
34664,-0.9821,-1.271,-0.17
34683,-0.9793,-1.269,-0.1675
34697,-0.9781,-1.267,-0.1678
34714,-0.9772,-1.27,-0.1671
34732,-0.9759,-1.27,-0.1667
34749,-0.9749,-1.269,-0.1669
34765,-0.9739,-1.27,-0.1654
34783,-0.9731,-1.272,-0.1628
34796,-0.9727,-1.275,-0.1623
34818,-0.9732,-1.275,-0.1622
34832,-0.9724,-1.274,-0.1621
34848,-0.9709,-1.274,-0.1601
34867,-0.9699,-1.274,-0.1594
34882,-0.9703,-1.274,-0.1597
34898,-0.9698,-1.274,-0.1595
34915,-0.9702,-1.274,-0.1587
34930,-0.9699,-1.275,-0.1577
34947,-0.97,-1.277,-0.1581
34964,-0.9695,-1.277,-0.1578
34980,-0.9688,-1.281,-0.1571
35001,-0.9706,-1.283,-0.1582
35019,-0.9731,-1.283,-0.1596
35040,-0.9728,-1.283,-0.1595
35049,-0.975,-1.284,-0.1611
35069,-0.9766,-1.284,-0.1618
35085,-0.9779,-1.285,-0.1623
35097,-0.9779,-1.286,-0.1623
35114,-0.9789,-1.286,-0.1623
35133,-0.9823,-1.288,-0.1627
35148,-0.9864,-1.289,-0.1633
35162,-0.9869,-1.289,-0.1634
35179,-0.9865,-1.288,-0.1653
35196,-0.9865,-1.286,-0.1669
35218,-1.006,-1.267,-0.1815
35231,-1.008,-1.266,-0.1828
35248,-1.018,-1.252,-0.1873
35264,-1.003,-1.26,-0.1788
35281,-0.9959,-1.272,-0.1775
35300,-0.9901,-1.284,-0.1771
35316,-0.9898,-1.285,-0.1774
35332,-0.9876,-1.285,-0.1756
35349,-0.9876,-1.285,-0.1744
35365,-0.9868,-1.287,-0.1735
35383,-0.9865,-1.287,-0.1734
35399,-0.987,-1.288,-0.174
35416,-0.9871,-1.289,-0.1731
35433,-0.986,-1.292,-0.172
35448,-0.9857,-1.292,-0.1718
35464,-0.9835,-1.296,-0.1708
35482,-0.9799,-1.305,-0.1664
35498,-0.974,-1.315,-0.1624
35519,-0.9725,-1.318,-0.1614
35533,-0.9656,-1.323,-0.1589
35547,-0.9585,-1.329,-0.1542
35567,-0.9484,-1.333,-0.1502
35581,-0.9449,-1.337,-0.1483
35597,-0.9374,-1.347,-0.1453
35614,-0.926,-1.358,-0.1407
35632,-0.9182,-1.364,-0.1375
35648,-0.9129,-1.369,-0.135
35666,-0.9069,-1.375,-0.1333
35683,-0.9011,-1.379,-0.1294
35702,-0.8915,-1.386,-0.1249
35716,-0.8856,-1.392,-0.1222
35733,-0.8775,-1.395,-0.1201
35751,-0.8719,-1.395,-0.1197
35767,-0.8653,-1.398,-0.1168
35786,-0.8593,-1.398,-0.1163
35799,-0.8532,-1.402,-0.114
35816,-0.8477,-1.402,-0.1137
35833,-0.842,-1.399,-0.1133
35848,-0.8399,-1.396,-0.1139
35864,-0.8343,-1.399,-0.1123
35882,-0.8316,-1.396,-0.1119
35899,-0.8265,-1.392,-0.1146
35916,-0.8245,-1.388,-0.1184
35930,-0.8196,-1.388,-0.1179
35948,-0.8171,-1.385,-0.1216
35965,-0.8156,-1.381,-0.1253
35984,-0.8145,-1.375,-0.1298
35997,-0.8106,-1.375,-0.1304
36016,-0.8095,-1.371,-0.1317
36031,-0.8072,-1.366,-0.1344
36049,-0.8075,-1.365,-0.1349
36064,-0.8047,-1.364,-0.1357
36081,-0.8049,-1.363,-0.1368
36098,-0.8029,-1.359,-0.1389
36114,-0.8028,-1.358,-0.1394
36131,-0.8006,-1.357,-0.1402
36148,-0.7994,-1.356,-0.1414
36164,-0.7986,-1.355,-0.1428
36186,-0.798,-1.352,-0.144
36199,-0.7961,-1.351,-0.1449
36223,-0.7966,-1.351,-0.1439
36235,-0.797,-1.351,-0.1439
36252,-0.7968,-1.352,-0.1443
36264,-0.7955,-1.351,-0.1449
36282,-0.7955,-1.351,-0.1448
36301,-0.7966,-1.351,-0.1451
36314,-0.7978,-1.352,-0.1454
36334,-0.7997,-1.353,-0.1462
36349,-0.799,-1.352,-0.1468
36364,-0.8012,-1.353,-0.1468
36381,-0.803,-1.353,-0.1466
36399,-0.8027,-1.353,-0.1471
36420,-0.8038,-1.353,-0.1465
36432,-0.8049,-1.354,-0.1465
36448,-0.8065,-1.354,-0.1472
36468,-0.8075,-1.354,-0.1475
36481,-0.8075,-1.354,-0.1479
36510,-0.8086,-1.353,-0.1487
36513,-0.8094,-1.353,-0.1489
36536,-0.8103,-1.353,-0.1485
36548,-0.8104,-1.353,-0.1487
36564,-0.8112,-1.354,-0.1484
36581,-0.8125,-1.354,-0.1485
36598,-0.8131,-1.354,-0.1485
36614,-0.8133,-1.354,-0.1487
36631,-0.8132,-1.354,-0.1489
36647,-0.8132,-1.354,-0.1493
36665,-0.8128,-1.354,-0.1492
36680,-0.8129,-1.354,-0.1493
36708,-0.8128,-1.354,-0.1492
36715,-0.8127,-1.353,-0.1495
36731,-0.8126,-1.353,-0.1495
36747,-0.8126,-1.353,-0.1497
36765,-0.8125,-1.353,-0.1497
36784,-0.8123,-1.353,-0.1498
36797,-0.8122,-1.353,-0.1498
36816,-0.8122,-1.353,-0.1499
36830,-0.8121,-1.353,-0.15
36848,-0.812,-1.352,-0.1503
36866,-0.812,-1.352,-0.1502
36882,-0.812,-1.352,-0.1501
36898,-0.812,-1.352,-0.1502
36914,-0.812,-1.352,-0.1502
36932,-0.812,-1.353,-0.1501
36949,-0.8123,-1.353,-0.1498
36965,-0.8124,-1.353,-0.15
36981,-0.8125,-1.353,-0.1497
37000,-0.813,-1.354,-0.1488
37013,-0.813,-1.354,-0.148
37031,-0.8131,-1.354,-0.148
37052,-0.8127,-1.355,-0.1469
37066,-0.8124,-1.355,-0.1464
37082,-0.8123,-1.356,-0.1462
37101,-0.8123,-1.356,-0.1462
37117,-0.8125,-1.356,-0.1458
37134,-0.8124,-1.356,-0.1457
37150,-0.8124,-1.356,-0.1458
37168,-0.8124,-1.356,-0.1458
37183,-0.8123,-1.356,-0.1457
37199,-0.8122,-1.356,-0.1457
37216,-0.8122,-1.356,-0.1457
37232,-0.8122,-1.356,-0.1457
37251,-0.8122,-1.356,-0.1457
37264,-0.8122,-1.356,-0.1456
37281,-0.812,-1.356,-0.1454
37296,-0.812,-1.356,-0.1454
37315,-0.8118,-1.357,-0.1452
37331,-0.8108,-1.359,-0.145
37348,-0.8104,-1.361,-0.145
37365,-0.8103,-1.361,-0.1449
37384,-0.8101,-1.364,-0.1444
37400,-0.8109,-1.369,-0.1436
37416,-0.8119,-1.375,-0.1415
37433,-0.8148,-1.382,-0.1394
37451,-0.8152,-1.384,-0.1389
37466,-0.8196,-1.395,-0.1359
37483,-0.8247,-1.402,-0.1326
37500,-0.8288,-1.412,-0.1302
37515,-0.8303,-1.417,-0.129
37532,-0.835,-1.426,-0.1252
37551,-0.8408,-1.438,-0.1229
37566,-0.8465,-1.448,-0.1205
37587,-0.8491,-1.454,-0.1187
37602,-0.8541,-1.462,-0.119
37615,-0.8573,-1.47,-0.1192
37633,-0.8616,-1.477,-0.1212
37649,-0.8645,-1.484,-0.1201
37668,-0.8681,-1.486,-0.1216
37683,-0.8697,-1.493,-0.1219
37700,-0.8735,-1.498,-0.1235
37715,-0.8763,-1.504,-0.123
37732,-0.8803,-1.51,-0.1254
37761,-0.8842,-1.516,-0.1281
37779,-0.8862,-1.52,-0.1304
37793,-0.888,-1.522,-0.1315
37810,-0.8913,-1.527,-0.134
37827,-0.8941,-1.532,-0.1344
37843,-0.8975,-1.537,-0.1374
37862,-0.9016,-1.541,-0.1398
37878,-0.9044,-1.544,-0.1419
37893,-0.9073,-1.549,-0.1428
37911,-0.9089,-1.551,-0.1466
37927,-0.9085,-1.554,-0.1507
37943,-0.9096,-1.556,-0.1531
37961,-0.9111,-1.557,-0.156
37978,-0.9133,-1.561,-0.1576
37994,-0.915,-1.561,-0.1608
38010,-0.9199,-1.56,-0.1652
38027,-0.9217,-1.56,-0.1674
38045,-0.9241,-1.563,-0.1694
38060,-0.9251,-1.561,-0.1731
38078,-0.9257,-1.559,-0.1743
38093,-0.9289,-1.559,-0.1759
38110,-0.931,-1.56,-0.1778
38128,-0.9333,-1.561,-0.178
38143,-0.9354,-1.562,-0.1797
38152,-0.9374,-1.563,-0.1814
38164,-0.9432,-1.559,-0.1799
38182,-0.9461,-1.559,-0.1792
38195,-0.9486,-1.56,-0.1805
38214,-0.954,-1.56,-0.1793
38230,-0.959,-1.56,-0.1774
38247,-0.9665,-1.557,-0.1747
38265,-0.9701,-1.557,-0.1753
38287,-0.9742,-1.553,-0.1709
38301,-0.9805,-1.549,-0.1659
38311,-0.9915,-1.541,-0.1625
38329,-0.9965,-1.54,-0.162
38345,-1.01,-1.528,-0.1578
38364,-1.021,-1.515,-0.1549
38382,-1.031,-1.503,-0.1528
38399,-1.038,-1.498,-0.1515
38418,-1.053,-1.48,-0.1526
38428,-1.063,-1.462,-0.1513
38447,-1.069,-1.453,-0.1481
38464,-1.081,-1.44,-0.1482
38481,-1.09,-1.432,-0.1472
38499,-1.1,-1.42,-0.1493
38516,-1.107,-1.411,-0.1506
38531,-1.115,-1.402,-0.1528
38547,-1.124,-1.394,-0.1528
38563,-1.133,-1.38,-0.1549
38582,-1.137,-1.374,-0.1562
38598,-1.136,-1.372,-0.1548
38616,-1.143,-1.364,-0.1549
38630,-1.147,-1.364,-0.1564
38646,-1.146,-1.361,-0.1545
38664,-1.145,-1.358,-0.1548
38688,-1.15,-1.352,-0.1549
38698,-1.149,-1.356,-0.1528
38715,-1.149,-1.357,-0.1548
38732,-1.153,-1.353,-0.155
38770,-1.149,-1.357,-0.1548
41317,-0.9497,-1.419,-0.1101
41335,-0.9455,-1.419,-0.1104
41349,-0.8915,-1.418,-0.1055
41364,-0.8852,-1.418,-0.105
41381,-0.8663,-1.415,-0.1048
41397,-0.8543,-1.416,-0.1051
41414,-0.8446,-1.415,-0.1067
41430,-0.8366,-1.414,-0.1066
41450,-0.8246,-1.412,-0.1074
41465,-0.8142,-1.409,-0.1083
41483,-0.8054,-1.405,-0.1108
41499,-0.797,-1.403,-0.1112
41515,-0.7879,-1.401,-0.1114
41532,-0.7782,-1.393,-0.117
41551,-0.7761,-1.389,-0.1204
41565,-0.7683,-1.387,-0.1215
41582,-0.7645,-1.383,-0.1245
41599,-0.7583,-1.378,-0.1275
41629,-0.7528,-1.371,-0.1315
41633,-0.7457,-1.369,-0.1333
41651,-0.7442,-1.365,-0.1356
41668,-0.7418,-1.36,-0.1392
41683,-0.742,-1.359,-0.1393
41700,-0.7367,-1.356,-0.1411
41718,-0.7391,-1.356,-0.1417
41732,-0.7419,-1.356,-0.1422
41751,-0.7428,-1.356,-0.1433
41764,-0.7396,-1.354,-0.1447
41783,-0.7418,-1.354,-0.1443
41798,-0.7451,-1.354,-0.1454
41816,-0.7468,-1.355,-0.1445
41831,-0.7451,-1.354,-0.1455
41850,-0.7462,-1.355,-0.1433
41867,-0.7473,-1.355,-0.1422
41881,-0.7484,-1.357,-0.1419
41898,-0.7475,-1.356,-0.1423
41912,-0.749,-1.358,-0.1424
41932,-0.7501,-1.359,-0.1426
41946,-0.7508,-1.359,-0.1427
41965,-0.7504,-1.359,-0.143
41981,-0.7506,-1.36,-0.143
41998,-0.7514,-1.361,-0.1443
42016,-0.7518,-1.361,-0.1448
42032,-0.7524,-1.363,-0.1448
42049,-0.7522,-1.363,-0.1451
42072,-0.7532,-1.362,-0.1449
42082,-0.7539,-1.363,-0.145
42100,-0.755,-1.364,-0.1449
42115,-0.755,-1.364,-0.1451
42133,-0.7568,-1.365,-0.1461
42150,-0.7576,-1.366,-0.146
42167,-0.7584,-1.366,-0.1464
42182,-0.7585,-1.366,-0.1466
42208,-0.7596,-1.367,-0.1471
42224,-0.76,-1.368,-0.1476
42235,-0.7596,-1.368,-0.1472
42252,-0.7597,-1.368,-0.148
42267,-0.7598,-1.368,-0.1482
42285,-0.7597,-1.368,-0.1488
42301,-0.7598,-1.368,-0.1491
42313,-0.7597,-1.368,-0.1489
42334,-0.7594,-1.368,-0.1488
42350,-0.7592,-1.368,-0.1497
42365,-0.7586,-1.368,-0.1499
42382,-0.7586,-1.368,-0.1502
42398,-0.7583,-1.368,-0.1508
42415,-0.7581,-1.369,-0.1508
42432,-0.758,-1.368,-0.1514
42454,-0.758,-1.368,-0.1517
42466,-0.7579,-1.368,-0.1518
42483,-0.7577,-1.368,-0.1514
42501,-0.7575,-1.368,-0.1513
42516,-0.7575,-1.368,-0.1515
42533,-0.7575,-1.367,-0.1515
42550,-0.7574,-1.367,-0.151
42566,-0.7575,-1.367,-0.1506
42583,-0.7575,-1.367,-0.1504
42599,-0.7575,-1.367,-0.1506
42616,-0.7574,-1.367,-0.1504
42635,-0.7572,-1.367,-0.1501
42650,-0.757,-1.368,-0.1497
42665,-0.757,-1.368,-0.1498
42683,-0.7566,-1.368,-0.1492
42700,-0.7561,-1.368,-0.1488
42724,-0.7554,-1.369,-0.1485
42735,-0.7553,-1.369,-0.1485
42750,-0.7552,-1.369,-0.1484
42767,-0.7551,-1.369,-0.1483
42786,-0.755,-1.37,-0.1484
42801,-0.755,-1.37,-0.1484
42819,-0.7549,-1.37,-0.1487
42836,-0.7546,-1.37,-0.1488
42852,-0.7547,-1.372,-0.149
42867,-0.7566,-1.378,-0.1488
42882,-0.7566,-1.379,-0.1489
42898,-0.7606,-1.387,-0.1488
42914,-0.7651,-1.397,-0.1481
42931,-0.7658,-1.399,-0.1481
42951,-0.7742,-1.415,-0.147
42965,-0.7814,-1.43,-0.1441
42986,-0.7867,-1.443,-0.1439
43000,-0.791,-1.453,-0.1429
43024,-0.7957,-1.463,-0.144
43034,-0.7986,-1.47,-0.1437
43051,-0.8045,-1.482,-0.1438
43067,-0.8106,-1.496,-0.1461
43082,-0.8142,-1.504,-0.1461
43097,-0.8174,-1.508,-0.1477
43117,-0.8246,-1.514,-0.1488
43131,-0.8293,-1.523,-0.1483
43147,-0.8332,-1.53,-0.1485
43164,-0.8374,-1.536,-0.1487
43181,-0.8439,-1.543,-0.1496
43199,-0.8482,-1.547,-0.1498
43213,-0.8522,-1.553,-0.15
43231,-0.8583,-1.556,-0.1503
43251,-0.8656,-1.558,-0.1487
43265,-0.8732,-1.56,-0.1503
43283,-0.8781,-1.566,-0.1505
43299,-0.8848,-1.564,-0.1504
43315,-0.8921,-1.563,-0.1508
43333,-0.899,-1.56,-0.1509
43349,-0.9045,-1.564,-0.1512
43366,-0.9116,-1.56,-0.1521
43386,-0.9193,-1.554,-0.1524
43398,-0.9211,-1.549,-0.1552
43415,-0.9265,-1.551,-0.1557
43432,-0.9283,-1.546,-0.1589
43449,-0.9341,-1.541,-0.161
43465,-0.9381,-1.537,-0.1605
43483,-0.9431,-1.537,-0.1602
43499,-0.9478,-1.536,-0.1608
43516,-0.9592,-1.534,-0.1596
43531,-0.9676,-1.529,-0.1579
43549,-0.9658,-1.528,-0.1588
43566,-0.9705,-1.527,-0.1591
43584,-0.9741,-1.524,-0.1575
43600,-0.9789,-1.519,-0.1581
43617,-0.9801,-1.516,-0.1572
43632,-0.9845,-1.514,-0.1572
43650,-0.9859,-1.512,-0.1579
43665,-0.9889,-1.509,-0.1599
43682,-0.9915,-1.507,-0.1601
43698,-0.9952,-1.505,-0.1603
43715,-0.9966,-1.503,-0.1601
43732,-0.9985,-1.5,-0.1599
43750,-1.0,-1.497,-0.1607
43766,-1.004,-1.495,-0.1609
43784,-1.005,-1.496,-0.162
43802,-1.006,-1.494,-0.1625
43814,-1.008,-1.493,-0.164
43831,-1.011,-1.492,-0.1643
43850,-1.011,-1.491,-0.1652
43867,-1.013,-1.49,-0.1663
43883,-1.014,-1.488,-0.1685
43899,-1.016,-1.487,-0.1691
43913,-1.015,-1.486,-0.1695
43931,-1.016,-1.485,-0.1708
43949,-1.015,-1.486,-0.1732
43969,-1.017,-1.485,-0.1739
43981,-1.018,-1.486,-0.1788
44004,-1.016,-1.485,-0.1821
44019,-1.013,-1.484,-0.1857
44032,-1.012,-1.484,-0.1926
44050,-1.013,-1.483,-0.1946
44067,-1.011,-1.482,-0.1983
44080,-1.008,-1.482,-0.2017
44096,-1.008,-1.482,-0.201
44116,-1.008,-1.481,-0.2032
44487,-1.01,-1.486,-0.2107
44498,-1.01,-1.485,-0.2111
44516,-1.01,-1.486,-0.2115
44535,-1.01,-1.486,-0.211
44548,-1.01,-1.485,-0.209
44565,-1.013,-1.48,-0.1976
44582,-1.016,-1.475,-0.1884
44597,-1.017,-1.474,-0.1867
44614,-1.021,-1.468,-0.1752
44632,-1.028,-1.459,-0.1665
44647,-1.03,-1.456,-0.1631
44665,-1.033,-1.448,-0.152
44681,-1.036,-1.433,-0.1393
44700,-1.039,-1.416,-0.1314
44712,-1.039,-1.4,-0.127
44730,-1.041,-1.393,-0.1215
44747,-1.041,-1.374,-0.1199
44763,-1.04,-1.356,-0.1192
44780,-1.038,-1.344,-0.1211
44798,-1.04,-1.334,-0.1172
44814,-1.039,-1.323,-0.1199
44830,-1.036,-1.307,-0.1228
44847,-1.032,-1.296,-0.1271
44863,-1.032,-1.285,-0.1253
44880,-1.026,-1.274,-0.127
44901,-1.022,-1.265,-0.132
44913,-1.015,-1.253,-0.1315
44931,-1.013,-1.242,-0.1309
44951,-1.008,-1.236,-0.1346
44964,-1.001,-1.231,-0.1363
44983,-0.9979,-1.226,-0.1387
44996,-0.9955,-1.217,-0.1391
45014,-0.9911,-1.212,-0.14
45032,-0.9886,-1.21,-0.1421
45046,-0.9859,-1.204,-0.1432
45065,-0.9835,-1.196,-0.1438
45080,-0.9791,-1.186,-0.1462
45098,-0.9745,-1.18,-0.1504
45113,-0.9742,-1.175,-0.1527
45131,-0.9736,-1.172,-0.1537
45152,-0.9714,-1.166,-0.1549
45165,-0.9716,-1.163,-0.1578
45181,-0.9733,-1.162,-0.1604
45201,-0.9752,-1.166,-0.1619
45216,-0.9739,-1.161,-0.1634
45231,-0.9739,-1.161,-0.1641
45246,-0.9744,-1.162,-0.1634
45261,-0.9761,-1.162,-0.163
45282,-0.9754,-1.159,-0.164
45297,-0.9778,-1.159,-0.1632
45312,-0.9806,-1.161,-0.1649
45329,-0.9799,-1.165,-0.1639
45346,-0.9798,-1.163,-0.1646
45361,-0.9809,-1.169,-0.1664
45381,-0.9812,-1.175,-0.1671
45396,-0.9813,-1.177,-0.166
45414,-0.9813,-1.177,-0.1666
45430,-0.9811,-1.176,-0.1662
45447,-0.9813,-1.176,-0.1674
45463,-0.9814,-1.176,-0.1691
45481,-0.9814,-1.176,-0.1695
45498,-0.9815,-1.178,-0.1741
45516,-0.9808,-1.18,-0.1766
45529,-0.9806,-1.18,-0.1758
45545,-0.9806,-1.179,-0.1765
45563,-0.9819,-1.179,-0.1776
45583,-0.9832,-1.181,-0.1792
45596,-0.9849,-1.184,-0.1806
45618,-0.9851,-1.184,-0.1815
45630,-0.9854,-1.189,-0.183
45646,-0.986,-1.194,-0.1811
45663,-0.9841,-1.2,-0.1782
45681,-0.9815,-1.205,-0.1736
45698,-0.9814,-1.207,-0.1738
45714,-0.9803,-1.213,-0.1716
45732,-0.979,-1.219,-0.1684
45749,-0.9754,-1.225,-0.1645
45764,-0.9746,-1.228,-0.1637
45781,-0.971,-1.235,-0.1584
45800,-0.9674,-1.245,-0.1525
45816,-0.9648,-1.254,-0.145
45830,-0.9633,-1.259,-0.1427
45849,-0.9581,-1.267,-0.1367
45865,-0.9515,-1.275,-0.1298
45882,-0.9457,-1.281,-0.1264
45896,-0.9429,-1.287,-0.1232
45913,-0.939,-1.295,-0.1213
45930,-0.9343,-1.306,-0.1182
45946,-0.9319,-1.312,-0.1168
45965,-0.9289,-1.318,-0.1139
45981,-0.9231,-1.335,-0.1097
45996,-0.9181,-1.352,-0.1102
46016,-0.9187,-1.358,-0.1107
46030,-0.9155,-1.367,-0.1083
46046,-0.9152,-1.368,-0.1101
46062,-0.9092,-1.38,-0.1111
46080,-0.9077,-1.392,-0.111
46096,-0.9046,-1.4,-0.1095
46114,-0.9021,-1.414,-0.1108
46133,-0.9002,-1.416,-0.1139
46148,-0.8969,-1.424,-0.1178
46166,-0.894,-1.432,-0.1204
46181,-0.8911,-1.441,-0.1205
46198,-0.8896,-1.446,-0.1224
46216,-0.8871,-1.45,-0.123
46228,-0.8844,-1.457,-0.1233
46245,-0.8782,-1.461,-0.1245
46262,-0.8727,-1.461,-0.1256
46281,-0.868,-1.461,-0.1302
46299,-0.8646,-1.467,-0.131
46316,-0.8608,-1.465,-0.1322
46331,-0.8598,-1.463,-0.1337
46351,-0.8563,-1.462,-0.1371
46366,-0.8512,-1.459,-0.1398
46382,-0.8479,-1.462,-0.1411
46398,-0.8425,-1.458,-0.1435
46415,-0.8399,-1.453,-0.1454
46431,-0.8333,-1.445,-0.1497
46449,-0.8294,-1.445,-0.1515
46465,-0.8248,-1.437,-0.1562
46485,-0.8254,-1.43,-0.1563
46499,-0.8239,-1.422,-0.1559
46514,-0.8206,-1.421,-0.1575
46532,-0.8164,-1.411,-0.1583
46549,-0.8156,-1.407,-0.1569
46564,-0.8147,-1.401,-0.1572
46582,-0.8119,-1.399,-0.1583
46597,-0.8113,-1.394,-0.1596
46614,-0.8104,-1.39,-0.1595
46631,-0.8109,-1.39,-0.1598
46648,-0.809,-1.388,-0.1606
46665,-0.8103,-1.387,-0.1614
46683,-0.8115,-1.386,-0.1611
46701,-0.8117,-1.387,-0.1617
46716,-0.8106,-1.385,-0.1624
46735,-0.8111,-1.386,-0.162
46752,-0.8116,-1.385,-0.1623
46768,-0.8115,-1.386,-0.1628
46785,-0.8118,-1.387,-0.1636
46801,-0.8111,-1.386,-0.1641
46815,-0.8115,-1.386,-0.1646
46832,-0.8117,-1.387,-0.1659
46849,-0.8114,-1.387,-0.1666
46864,-0.8109,-1.387,-0.1672
46883,-0.8107,-1.388,-0.1667
46899,-0.8103,-1.389,-0.1664
46917,-0.8099,-1.39,-0.1658
46933,-0.8095,-1.39,-0.1662
46948,-0.8093,-1.391,-0.1656
46963,-0.8091,-1.392,-0.1651
46982,-0.8093,-1.393,-0.1646
46998,-0.8089,-1.393,-0.1648
47015,-0.8087,-1.394,-0.164
47035,-0.809,-1.396,-0.1641
47051,-0.8095,-1.398,-0.1634
47063,-0.8092,-1.398,-0.1635
47082,-0.81,-1.399,-0.1629
47099,-0.8096,-1.4,-0.1618
47114,-0.81,-1.401,-0.1621
47130,-0.8098,-1.401,-0.1621
47146,-0.8099,-1.403,-0.1615
47163,-0.8098,-1.404,-0.1613
47180,-0.8094,-1.404,-0.1611
47197,-0.8093,-1.404,-0.1611
47213,-0.8087,-1.405,-0.1617
47234,-0.808,-1.407,-0.1624
47248,-0.8069,-1.413,-0.1638
47265,-0.8066,-1.413,-0.1639
47286,-0.8054,-1.424,-0.1663
47301,-0.806,-1.434,-0.1682
47317,-0.8059,-1.451,-0.1678
47332,-0.8055,-1.455,-0.1682
47347,-0.8079,-1.475,-0.1647
47364,-0.8118,-1.488,-0.1653
47384,-0.8161,-1.498,-0.1641
47400,-0.8193,-1.51,-0.166
47417,-0.8201,-1.518,-0.1661
47432,-0.8243,-1.524,-0.1644
47451,-0.8303,-1.528,-0.163
47465,-0.8346,-1.535,-0.163
47486,-0.8364,-1.542,-0.1629
47502,-0.8424,-1.544,-0.1602
47516,-0.8456,-1.547,-0.1579
47535,-0.8504,-1.548,-0.1575
47553,-0.8555,-1.549,-0.1571
47565,-0.8583,-1.555,-0.1565
47584,-0.8624,-1.555,-0.1546
47596,-0.8645,-1.554,-0.1545
47616,-0.8697,-1.553,-0.1554
47630,-0.8727,-1.556,-0.1549
47649,-0.8779,-1.554,-0.1574
47663,-0.8825,-1.552,-0.158
47680,-0.8857,-1.554,-0.1578
47698,-0.8917,-1.551,-0.16
47718,-0.8959,-1.547,-0.1615
47734,-0.8997,-1.543,-0.1625
47749,-0.9032,-1.544,-0.1627
47765,-0.9053,-1.537,-0.1661
47780,-0.9041,-1.537,-0.1659
48048,-0.9265,-1.499,-0.2039
48068,-0.9275,-1.501,-0.203
48082,-0.9274,-1.503,-0.2048
48098,-0.9275,-1.503,-0.2048
48114,-0.9288,-1.501,-0.207
48133,-0.9295,-1.496,-0.2107
48149,-0.9298,-1.493,-0.2136
48165,-0.93,-1.492,-0.2143
48187,-0.9303,-1.493,-0.2162
48200,-0.9307,-1.494,-0.2175
48215,-0.9326,-1.499,-0.2199
48233,-0.933,-1.498,-0.2208
48250,-0.9333,-1.5,-0.2216
48266,-0.9332,-1.499,-0.2209
48282,-0.9336,-1.498,-0.2218
48299,-0.9338,-1.498,-0.2224
48316,-0.9344,-1.497,-0.2234
48334,-0.9336,-1.496,-0.2235
48351,-0.9332,-1.495,-0.2242
48365,-0.9334,-1.495,-0.2248
48384,-0.9337,-1.495,-0.2253
48400,-0.9342,-1.495,-0.2255
48421,-0.9341,-1.495,-0.2253
48441,-0.9343,-1.491,-0.2245
49508,-0.9296,-1.499,-0.22
49517,-0.9299,-1.5,-0.2195
49534,-0.9303,-1.5,-0.2194
49566,-0.9303,-1.5,-0.2197
49567,-0.9307,-1.499,-0.2204
49582,-0.9302,-1.497,-0.2203
49599,-0.9305,-1.498,-0.2201
49615,-0.9306,-1.498,-0.2201
49633,-0.9308,-1.499,-0.2198
49649,-0.9308,-1.499,-0.2199
49665,-0.9309,-1.5,-0.2201
49681,-0.931,-1.5,-0.2201
49701,-0.9312,-1.501,-0.2202
49717,-0.9314,-1.501,-0.2199
49733,-0.9318,-1.501,-0.2198
49749,-0.9319,-1.502,-0.2198
49766,-0.9322,-1.501,-0.2197
49783,-0.9324,-1.502,-0.2195
49803,-0.9324,-1.502,-0.2193
49818,-0.9325,-1.502,-0.2193
49833,-0.9324,-1.502,-0.2194
49853,-0.9323,-1.502,-0.2194
49866,-0.9323,-1.502,-0.2196
49883,-0.9323,-1.502,-0.2196
49899,-0.9325,-1.502,-0.2197
49914,-0.9325,-1.502,-0.2199
49931,-0.9328,-1.502,-0.2202
49952,-0.9328,-1.502,-0.2202
49966,-0.933,-1.502,-0.2202
49983,-0.9331,-1.503,-0.2203
50000,-0.9329,-1.503,-0.2201
50021,-0.9329,-1.502,-0.2199
50035,-0.9329,-1.502,-0.2199
50049,-0.9329,-1.502,-0.22
50066,-0.9328,-1.502,-0.22
50082,-0.9327,-1.503,-0.2199
50099,-0.9328,-1.503,-0.2199
50115,-0.9327,-1.503,-0.2198
50131,-0.9325,-1.503,-0.2197
50150,-0.9326,-1.503,-0.2197
50164,-0.9325,-1.503,-0.2194
50181,-0.9323,-1.503,-0.2193
50198,-0.9321,-1.503,-0.2193
50218,-0.9319,-1.504,-0.219
50232,-0.9319,-1.504,-0.219
50249,-0.9318,-1.504,-0.2188
50267,-0.9318,-1.504,-0.2189
50287,-0.9319,-1.504,-0.219
50300,-0.9319,-1.504,-0.2189
50316,-0.9323,-1.504,-0.2194
50333,-0.9328,-1.503,-0.2199
50351,-0.9329,-1.502,-0.2201
50366,-0.933,-1.502,-0.2201
50383,-0.9329,-1.502,-0.2201
50400,-0.9328,-1.502,-0.22
50415,-0.9326,-1.503,-0.2198
50432,-0.9326,-1.503,-0.2198
50448,-0.9325,-1.503,-0.2197
50465,-0.9325,-1.503,-0.2197
50481,-0.9325,-1.503,-0.2196
50499,-0.9325,-1.503,-0.2196
50514,-0.9327,-1.503,-0.2197
50532,-0.9329,-1.503,-0.2196
50548,-0.9328,-1.503,-0.2195
50565,-0.9328,-1.503,-0.2195
50582,-0.933,-1.503,-0.2194
50598,-0.9332,-1.503,-0.2193
50614,-0.9337,-1.502,-0.2192
50632,-0.9341,-1.502,-0.2189
50647,-0.9342,-1.502,-0.2189
50664,-0.9338,-1.502,-0.2188
50680,-0.9335,-1.502,-0.2186
50699,-0.9332,-1.502,-0.2186
50716,-0.9332,-1.502,-0.2186
50734,-0.9333,-1.502,-0.2185
50751,-0.9332,-1.502,-0.2186
50766,-0.933,-1.502,-0.2186
50786,-0.933,-1.502,-0.2186
50802,-0.9329,-1.502,-0.2188
50817,-0.9328,-1.502,-0.2187
50834,-0.9326,-1.501,-0.2189
50853,-0.9326,-1.501,-0.2189
50867,-0.9325,-1.501,-0.219
50881,-0.9325,-1.501,-0.2191
50899,-0.9328,-1.501,-0.2192
50913,-0.9328,-1.501,-0.2192
50932,-0.9329,-1.502,-0.2189
50947,-0.9331,-1.502,-0.2188
50964,-0.9331,-1.503,-0.2188
50981,-0.9332,-1.503,-0.2187
50998,-0.9331,-1.503,-0.2184
51018,-0.9329,-1.504,-0.2183
51033,-0.9327,-1.504,-0.2181
51051,-0.9326,-1.504,-0.2181
51064,-0.9326,-1.504,-0.2181
51086,-0.9325,-1.504,-0.2179
51101,-0.9325,-1.504,-0.2178
51113,-0.9324,-1.505,-0.2179
51129,-0.9323,-1.505,-0.2178
51150,-0.9322,-1.505,-0.2178
51164,-0.932,-1.505,-0.2176
51179,-0.932,-1.505,-0.2176
51196,-0.9319,-1.505,-0.2175
51215,-0.9319,-1.505,-0.2175
51230,-0.932,-1.505,-0.2175
51247,-0.9319,-1.505,-0.2174
51265,-0.9319,-1.505,-0.2174
51289,-0.9319,-1.505,-0.2173
51299,-0.9318,-1.505,-0.2174
51314,-0.932,-1.505,-0.2176
51331,-0.932,-1.505,-0.2176
51349,-0.9321,-1.505,-0.2177
51366,-0.9322,-1.505,-0.2177
51384,-0.9323,-1.505,-0.2178
51399,-0.9323,-1.505,-0.2178
51414,-0.9323,-1.505,-0.2178
51431,-0.9321,-1.505,-0.2178
51447,-0.9322,-1.505,-0.2179
51463,-0.9322,-1.505,-0.2179
51480,-0.9321,-1.505,-0.218
51497,-0.932,-1.505,-0.2182
51516,-0.9319,-1.505,-0.2185
51529,-0.9318,-1.505,-0.2184
51546,-0.9317,-1.504,-0.2191
51563,-0.9319,-1.504,-0.2191
51583,-0.9318,-1.504,-0.2192
51597,-0.9318,-1.504,-0.2192
51613,-0.9318,-1.504,-0.2194
51632,-0.9318,-1.505,-0.2194
51647,-0.9319,-1.505,-0.2193
51665,-0.9319,-1.505,-0.2193
51681,-0.9318,-1.505,-0.2192
51702,-0.9318,-1.505,-0.2192
51715,-0.9318,-1.505,-0.2192
51740,-0.9315,-1.504,-0.2192
52738,-0.9306,-1.503,-0.2168
52748,-0.9304,-1.503,-0.2168
52769,-0.9305,-1.503,-0.2173
52781,-0.9303,-1.503,-0.2178
52804,-0.9305,-1.503,-0.2176
52818,-0.9305,-1.505,-0.218
52833,-0.9311,-1.505,-0.2183
52847,-0.9311,-1.505,-0.2184
52864,-0.9313,-1.505,-0.2184
52880,-0.9314,-1.505,-0.2182
52899,-0.9314,-1.505,-0.2184
52915,-0.9314,-1.505,-0.2185
52934,-0.9314,-1.505,-0.2184
52947,-0.9315,-1.505,-0.2184
52966,-0.9316,-1.505,-0.2184
52984,-0.9317,-1.505,-0.2185
52997,-0.9317,-1.505,-0.2185
53014,-0.9318,-1.505,-0.2184
53031,-0.9315,-1.505,-0.2184
53047,-0.9316,-1.505,-0.2184
53065,-0.9314,-1.505,-0.2185
53082,-0.9312,-1.505,-0.2185
53100,-0.9312,-1.505,-0.2186
53115,-0.9312,-1.505,-0.2186
53131,-0.9312,-1.505,-0.2186
53147,-0.9314,-1.505,-0.2191
53165,-0.9312,-1.505,-0.219
53181,-0.9312,-1.505,-0.2191
53199,-0.9312,-1.505,-0.2191
53220,-0.9312,-1.505,-0.219
53237,-0.9312,-1.505,-0.219
53250,-0.9312,-1.505,-0.2189
53270,-0.9313,-1.505,-0.2189
53283,-0.9313,-1.505,-0.2189
53301,-0.9313,-1.505,-0.2188
53315,-0.9313,-1.505,-0.2189
53333,-0.9314,-1.505,-0.2189
53350,-0.9315,-1.505,-0.2189
53364,-0.9315,-1.505,-0.2189
53380,-0.9315,-1.505,-0.2189
53398,-0.9314,-1.505,-0.2187
53414,-0.9313,-1.505,-0.2185
53430,-0.9312,-1.505,-0.2185
53451,-0.9312,-1.505,-0.2185
53463,-0.9312,-1.505,-0.2186
53482,-0.9312,-1.505,-0.2186
53499,-0.9312,-1.505,-0.2187
53514,-0.9312,-1.505,-0.2187
53532,-0.9311,-1.505,-0.2187
53549,-0.9308,-1.505,-0.2187
53566,-0.9306,-1.505,-0.2187
53583,-0.9306,-1.505,-0.2187
53599,-0.9306,-1.505,-0.2187
53615,-0.9305,-1.505,-0.2187
53632,-0.9304,-1.505,-0.2186
53650,-0.9305,-1.505,-0.2186
53665,-0.9305,-1.505,-0.2186
53685,-0.9305,-1.505,-0.2186
53702,-0.9305,-1.505,-0.2185
53715,-0.9306,-1.505,-0.2185
53734,-0.9306,-1.505,-0.2185
53748,-0.9305,-1.505,-0.2184
53766,-0.9305,-1.505,-0.2184
53804,-0.9304,-1.505,-0.2184
53816,-0.9304,-1.505,-0.2184
53834,-0.9304,-1.505,-0.2184
53849,-0.9304,-1.505,-0.2184
53867,-0.9304,-1.505,-0.2184
53882,-0.9302,-1.505,-0.2183
53899,-0.9301,-1.505,-0.2184
53914,-0.9301,-1.505,-0.2186
53933,-0.9301,-1.505,-0.2186
53947,-0.9301,-1.505,-0.2186
53966,-0.9301,-1.505,-0.2186
53983,-0.9301,-1.505,-0.2186
54001,-0.93,-1.505,-0.2185
54017,-0.93,-1.505,-0.2185
54035,-0.9298,-1.505,-0.2185
54053,-0.9296,-1.505,-0.2185
54069,-0.9297,-1.505,-0.2187
54084,-0.9297,-1.505,-0.2187
54099,-0.9296,-1.505,-0.2189
54118,-0.9296,-1.505,-0.2191
54132,-0.9296,-1.505,-0.2191
54147,-0.9295,-1.505,-0.2192
54165,-0.9294,-1.504,-0.2191
54181,-0.9294,-1.504,-0.2191
54199,-0.9295,-1.505,-0.219
54225,-0.9294,-1.505,-0.219
54231,-0.9293,-1.505,-0.219
54248,-0.9293,-1.505,-0.2189
54275,-0.9293,-1.505,-0.219
54284,-0.9292,-1.505,-0.219
54299,-0.9293,-1.505,-0.219
54317,-0.9295,-1.504,-0.2187
54333,-0.9295,-1.505,-0.2186
54348,-0.9295,-1.505,-0.2186
54367,-0.9311,-1.504,-0.2182
54382,-0.9307,-1.504,-0.2184
54406,-0.9306,-1.504,-0.2184
54416,-0.9306,-1.504,-0.2184
54433,-0.9307,-1.504,-0.2184
54449,-0.9306,-1.505,-0.2184
54466,-0.9306,-1.505,-0.2185
54485,-0.9303,-1.505,-0.2185
54500,-0.9303,-1.505,-0.2185
54517,-0.9302,-1.505,-0.2187
54536,-0.9302,-1.505,-0.2189
54549,-0.9302,-1.505,-0.2189
54566,-0.9302,-1.505,-0.2189
54586,-0.9301,-1.505,-0.2189
54602,-0.9299,-1.505,-0.2188
54617,-0.9297,-1.505,-0.2188
54634,-0.9297,-1.505,-0.2188
54652,-0.9293,-1.505,-0.2188
54666,-0.9293,-1.505,-0.2188
54681,-0.9293,-1.506,-0.2188
54699,-0.9292,-1.506,-0.2188
54715,-0.9292,-1.506,-0.2188
54732,-0.9291,-1.506,-0.2188
54750,-0.9289,-1.505,-0.2189
54766,-0.9289,-1.505,-0.2189
54786,-0.929,-1.505,-0.2188
54804,-0.9289,-1.505,-0.2188
54815,-0.9289,-1.505,-0.2188
54831,-0.9289,-1.505,-0.2188
54850,-0.9288,-1.505,-0.2187
54865,-0.9288,-1.506,-0.2187
54882,-0.9286,-1.506,-0.2187
54899,-0.9286,-1.506,-0.2187
54914,-0.9286,-1.506,-0.2187
54932,-0.9287,-1.506,-0.2187
54951,-0.9287,-1.505,-0.2187
54965,-0.9287,-1.505,-0.2187
54983,-0.9287,-1.505,-0.2189
54999,-0.9287,-1.505,-0.219
55014,-0.9285,-1.505,-0.2189
55032,-0.9283,-1.505,-0.219
55048,-0.9283,-1.505,-0.219
55064,-0.9282,-1.505,-0.2189
55082,-0.928,-1.505,-0.2188
55101,-0.9281,-1.505,-0.2187
55116,-0.9281,-1.505,-0.2187
55137,-0.9283,-1.505,-0.2187
55148,-0.9283,-1.505,-0.2186
55165,-0.9282,-1.505,-0.2185
55182,-0.9281,-1.505,-0.2186
55199,-0.928,-1.505,-0.2184
55213,-0.9279,-1.505,-0.2184
55231,-0.9278,-1.505,-0.2184
55251,-0.9278,-1.505,-0.2184
55265,-0.9278,-1.505,-0.2184
55280,-0.9278,-1.505,-0.2184
55296,-0.9277,-1.505,-0.2185
55313,-0.9277,-1.505,-0.2185
55331,-0.9276,-1.505,-0.2184
55346,-0.9274,-1.505,-0.2184
55364,-0.9272,-1.505,-0.2186
55382,-0.9272,-1.505,-0.2186
55397,-0.9272,-1.505,-0.2185
55413,-0.9274,-1.505,-0.2185
55434,-0.9274,-1.505,-0.2185
55447,-0.9274,-1.505,-0.2185
55464,-0.9273,-1.505,-0.2184
55482,-0.9273,-1.505,-0.2184
55499,-0.9272,-1.505,-0.2184
55516,-0.9272,-1.505,-0.2184
55529,-0.9271,-1.505,-0.2184
55550,-0.9271,-1.505,-0.2183
55566,-0.927,-1.505,-0.2182
55581,-0.9269,-1.505,-0.2182
55599,-0.9269,-1.505,-0.2182
55612,-0.9269,-1.506,-0.2183
55632,-0.9269,-1.506,-0.2183
55645,-0.9269,-1.506,-0.2183
55665,-0.927,-1.505,-0.2183
55684,-0.9271,-1.505,-0.2182
55699,-0.9272,-1.505,-0.218
55715,-0.9273,-1.505,-0.2179
55733,-0.9273,-1.505,-0.218
55747,-0.9273,-1.505,-0.2181
55766,-0.9274,-1.505,-0.2179
55783,-0.9274,-1.505,-0.2178
55800,-0.9273,-1.505,-0.2178
55821,-0.9272,-1.504,-0.2179
55831,-0.9273,-1.504,-0.2179
55851,-0.9275,-1.504,-0.2179
55864,-0.9275,-1.504,-0.2179
55880,-0.9276,-1.504,-0.2179
55897,-0.9276,-1.504,-0.2181
55914,-0.9276,-1.504,-0.2182
55933,-0.9276,-1.504,-0.2184
55948,-0.9276,-1.504,-0.2184
55962,-0.9276,-1.504,-0.2184
55979,-0.9276,-1.504,-0.2187
56000,-0.9276,-1.504,-0.2187
56016,-0.9275,-1.504,-0.2187
56031,-0.9274,-1.504,-0.2189
56045,-0.9275,-1.504,-0.2192
56066,-0.9275,-1.503,-0.2197
56081,-0.9275,-1.503,-0.2197
56096,-0.9276,-1.503,-0.2202
56118,-0.9276,-1.503,-0.22
56132,-0.9275,-1.503,-0.2198
56149,-0.9275,-1.503,-0.2199
56164,-0.9275,-1.503,-0.2199
56179,-0.9276,-1.503,-0.2199
56195,-0.9276,-1.503,-0.2199
56213,-0.9273,-1.503,-0.2199
56232,-0.9271,-1.504,-0.22
56247,-0.9271,-1.504,-0.22
56265,-0.9269,-1.504,-0.2197
56283,-0.9268,-1.504,-0.2198
56298,-0.9269,-1.504,-0.2196
56314,-0.9269,-1.504,-0.2195
56330,-0.9266,-1.504,-0.2195
56346,-0.9266,-1.504,-0.2195
56364,-0.9264,-1.504,-0.2197
56381,-0.9264,-1.504,-0.2194
56397,-0.9262,-1.504,-0.2189
56414,-0.9262,-1.504,-0.219
56432,-0.9261,-1.504,-0.2187
56449,-0.926,-1.505,-0.2184
56464,-0.926,-1.505,-0.2179
56480,-0.9259,-1.505,-0.2179
56497,-0.9258,-1.505,-0.2177
56514,-0.926,-1.505,-0.2174
56533,-0.9258,-1.506,-0.2168
56546,-0.9258,-1.506,-0.2167
56567,-0.9258,-1.506,-0.2163
56581,-0.9258,-1.506,-0.2165
56599,-0.9259,-1.506,-0.2166
56618,-0.9259,-1.506,-0.2166
56630,-0.926,-1.506,-0.2165
56648,-0.9261,-1.506,-0.2166
56663,-0.926,-1.506,-0.2166
56682,-0.926,-1.506,-0.2166
56699,-0.926,-1.505,-0.2167
56716,-0.926,-1.506,-0.2168
56733,-0.9263,-1.505,-0.2168
56751,-0.9264,-1.505,-0.2168
56764,-0.9264,-1.506,-0.2168
56782,-0.9266,-1.506,-0.2169
56802,-0.9268,-1.506,-0.2171
56816,-0.9271,-1.506,-0.2172
56834,-0.9271,-1.506,-0.2172
56847,-0.9271,-1.506,-0.2173
56867,-0.9272,-1.506,-0.2173
56884,-0.9274,-1.506,-0.2175
56900,-0.9274,-1.506,-0.2175
56913,-0.9276,-1.506,-0.2176
56930,-0.9277,-1.506,-0.2177
56956,-0.9276,-1.506,-0.2176
56966,-0.9276,-1.506,-0.2176
56985,-0.9276,-1.506,-0.2177
57001,-0.9277,-1.506,-0.2177
57014,-0.9276,-1.507,-0.2176
57034,-0.9276,-1.507,-0.2176
57049,-0.9279,-1.507,-0.2176
57067,-0.9279,-1.506,-0.2178
57081,-0.9279,-1.506,-0.2178
57095,-0.9279,-1.506,-0.2178
57113,-0.9279,-1.506,-0.2179
57129,-0.9278,-1.506,-0.2181
57147,-0.9277,-1.506,-0.218
57165,-0.9277,-1.506,-0.218
57181,-0.9277,-1.506,-0.218
57198,-0.9276,-1.506,-0.2179
57213,-0.9273,-1.507,-0.2179
57232,-0.9273,-1.507,-0.2179
57247,-0.9274,-1.507,-0.2179
57264,-0.9274,-1.507,-0.2179
60499,-0.9274,-1.507,-0.2186
60516,-0.9288,-1.508,-0.2166
60539,-0.9295,-1.508,-0.2163
60563,-0.9281,-1.503,-0.2209
60582,-0.9282,-1.505,-0.2197
60598,-0.9282,-1.505,-0.2197
60615,-0.9281,-1.506,-0.219
60632,-0.9282,-1.507,-0.2187
60648,-0.928,-1.507,-0.2185
60663,-0.928,-1.508,-0.2185
60680,-0.9279,-1.507,-0.2185
60698,-0.9279,-1.507,-0.2183
60716,-0.9278,-1.508,-0.2181
60737,-0.9277,-1.508,-0.2181
60749,-0.9277,-1.508,-0.2181
60767,-0.9278,-1.508,-0.2181
60782,-0.9278,-1.508,-0.2181
60800,-0.9279,-1.508,-0.2182
60816,-0.9279,-1.508,-0.2181
60831,-0.9279,-1.508,-0.2181
60849,-0.9278,-1.508,-0.2181
60865,-0.9278,-1.508,-0.218
60881,-0.9279,-1.508,-0.218
60898,-0.9278,-1.508,-0.2181
60915,-0.928,-1.508,-0.2181
60932,-0.9279,-1.508,-0.2182
60950,-0.9279,-1.508,-0.2181
60975,-0.9279,-1.508,-0.2181
60980,-0.9279,-1.508,-0.2181
60997,-0.928,-1.508,-0.218
61016,-0.928,-1.508,-0.218
61034,-0.9279,-1.508,-0.2179
61049,-0.9279,-1.508,-0.2179
61065,-0.928,-1.508,-0.2179
61082,-0.928,-1.508,-0.2179
61097,-0.928,-1.508,-0.2178
61114,-0.928,-1.508,-0.2179
61133,-0.928,-1.508,-0.2178
61153,-0.9279,-1.508,-0.2178
61163,-0.9279,-1.508,-0.2178
61180,-0.9279,-1.508,-0.2179
61198,-0.9278,-1.508,-0.2179
61214,-0.9277,-1.508,-0.2179
61231,-0.9277,-1.508,-0.2179
61247,-0.9274,-1.508,-0.2178
61263,-0.9273,-1.508,-0.2179
61282,-0.9272,-1.508,-0.2179
61301,-0.9272,-1.508,-0.2178
61315,-0.9272,-1.508,-0.2178
61332,-0.9272,-1.508,-0.2179
61349,-0.9273,-1.508,-0.2179
61366,-0.9273,-1.508,-0.2179
61382,-0.9273,-1.508,-0.218
61400,-0.9273,-1.508,-0.218
61417,-0.9273,-1.508,-0.218
61432,-0.9273,-1.508,-0.218
61449,-0.9273,-1.508,-0.218
61463,-0.9273,-1.508,-0.218
61486,-0.9272,-1.508,-0.218
61498,-0.9272,-1.508,-0.2179
61515,-0.9272,-1.508,-0.2179
61532,-0.9271,-1.508,-0.2179
61551,-0.9271,-1.508,-0.2177
61565,-0.9271,-1.508,-0.2177
61582,-0.9271,-1.508,-0.2178
61600,-0.9272,-1.508,-0.2179
61616,-0.9271,-1.508,-0.2179
61633,-0.9271,-1.508,-0.2179
61653,-0.9271,-1.508,-0.2179
61664,-0.9271,-1.508,-0.2179
61682,-0.9272,-1.508,-0.2179
61697,-0.9272,-1.508,-0.2179
61714,-0.9272,-1.508,-0.2179
61732,-0.9272,-1.508,-0.2179
61747,-0.9272,-1.508,-0.2179
61767,-0.9271,-1.508,-0.218
61782,-0.9271,-1.508,-0.218
61799,-0.9271,-1.508,-0.2179
61818,-0.9272,-1.508,-0.2179
61834,-0.9273,-1.508,-0.218
61850,-0.9272,-1.508,-0.218
61865,-0.9272,-1.508,-0.218
61883,-0.9273,-1.508,-0.2181
61899,-0.9273,-1.508,-0.2184
61915,-0.9273,-1.508,-0.2184
61932,-0.9273,-1.508,-0.2185
61947,-0.9274,-1.508,-0.2186
61966,-0.9276,-1.507,-0.2186
61981,-0.9276,-1.507,-0.2186
61999,-0.9276,-1.508,-0.2185
62015,-0.9276,-1.508,-0.2185
62035,-0.9276,-1.508,-0.2185
62050,-0.9276,-1.508,-0.2185
62063,-0.9276,-1.508,-0.2185
62081,-0.9273,-1.508,-0.2182
62098,-0.927,-1.508,-0.218
62116,-0.9269,-1.508,-0.218
62132,-0.9269,-1.508,-0.2181
62153,-0.927,-1.508,-0.2181
62166,-0.927,-1.508,-0.2181
62181,-0.927,-1.508,-0.2181
67865,-0.9258,-1.505,-0.2198
67886,-0.926,-1.505,-0.2197
67899,-0.9256,-1.506,-0.2193
67914,-0.9257,-1.506,-0.2192
67931,-0.9254,-1.507,-0.2188
67947,-0.9254,-1.507,-0.2185
67964,-0.9254,-1.507,-0.2184
67982,-0.9257,-1.507,-0.218
67999,-0.9257,-1.507,-0.2178
68014,-0.9256,-1.507,-0.2178
68032,-0.9256,-1.507,-0.2178
68048,-0.9257,-1.507,-0.2176
68065,-0.9256,-1.508,-0.2176
68082,-0.9256,-1.508,-0.2173
68099,-0.9256,-1.508,-0.2173
68116,-0.9256,-1.508,-0.2173
68134,-0.9256,-1.508,-0.2173
68155,-0.9256,-1.508,-0.2172
68169,-0.9256,-1.508,-0.2171
68184,-0.9256,-1.508,-0.2171
68203,-0.9256,-1.508,-0.217
68218,-0.9256,-1.508,-0.217
68233,-0.9258,-1.508,-0.2171
68250,-0.9258,-1.508,-0.2171
68265,-0.9259,-1.508,-0.2169
68285,-0.926,-1.508,-0.2168
68301,-0.926,-1.508,-0.2168
68315,-0.926,-1.508,-0.2168
68331,-0.926,-1.508,-0.2169
68346,-0.926,-1.508,-0.2168
68365,-0.9261,-1.508,-0.2168
68381,-0.9261,-1.508,-0.2167
68399,-0.9261,-1.508,-0.2167
68415,-0.9261,-1.508,-0.2166
68432,-0.9261,-1.508,-0.2168
68449,-0.9261,-1.508,-0.2168
68466,-0.9261,-1.508,-0.2168
68485,-0.9262,-1.508,-0.2168
68502,-0.9261,-1.508,-0.2168
68516,-0.9261,-1.508,-0.2168
68534,-0.926,-1.508,-0.2166
68549,-0.9258,-1.508,-0.2165
68566,-0.9258,-1.508,-0.2167
68586,-0.9258,-1.508,-0.2167
68600,-0.926,-1.508,-0.2169
68615,-0.926,-1.508,-0.2169
68634,-0.9261,-1.507,-0.217
68651,-0.9261,-1.507,-0.217
68666,-0.926,-1.507,-0.217
68683,-0.9261,-1.507,-0.2169
68701,-0.9261,-1.507,-0.2169
68715,-0.9261,-1.507,-0.2169
68732,-0.9262,-1.507,-0.217
68751,-0.9262,-1.507,-0.2169
68767,-0.9261,-1.507,-0.2169
68783,-0.926,-1.507,-0.2168
68800,-0.926,-1.507,-0.2168
68819,-0.9259,-1.507,-0.2167
68835,-0.9258,-1.507,-0.2168
68853,-0.9257,-1.507,-0.2168
68868,-0.9257,-1.507,-0.2168
68883,-0.9256,-1.507,-0.2168
68899,-0.9257,-1.507,-0.2168
68920,-0.9257,-1.507,-0.2169
68932,-0.9258,-1.507,-0.2169
68948,-0.9258,-1.507,-0.217
68971,-0.9257,-1.507,-0.217
68985,-0.9256,-1.507,-0.2171
68998,-0.9256,-1.507,-0.2171
69016,-0.9259,-1.507,-0.2173
69034,-0.9268,-1.507,-0.2178
69050,-0.9279,-1.507,-0.218
69067,-0.928,-1.507,-0.2181
69086,-0.9296,-1.507,-0.2176
69100,-0.9312,-1.507,-0.218
69118,-0.9311,-1.507,-0.218
69141,-0.9305,-1.507,-0.2182
69434,-0.9261,-1.503,-0.2197
69452,-0.9261,-1.503,-0.2194
69466,-0.9259,-1.504,-0.219
69482,-0.9259,-1.504,-0.219
69498,-0.9256,-1.505,-0.2186
69516,-0.9256,-1.505,-0.2186
69682,-0.927,-1.505,-0.218
69702,-0.9269,-1.505,-0.218
69716,-0.9263,-1.506,-0.218
69733,-0.9258,-1.506,-0.2177
69749,-0.9258,-1.506,-0.2177
69765,-0.9257,-1.506,-0.2176
69781,-0.9257,-1.506,-0.2177
69800,-0.9257,-1.506,-0.2177
69820,-0.9257,-1.506,-0.2177
69835,-0.9257,-1.506,-0.2176
69853,-0.9257,-1.507,-0.2174
69865,-0.9256,-1.507,-0.2173
69882,-0.9256,-1.507,-0.2172
69897,-0.9254,-1.507,-0.2172
69914,-0.9254,-1.507,-0.2172
69932,-0.9254,-1.507,-0.2172
69948,-0.9254,-1.507,-0.2172
69965,-0.9254,-1.507,-0.2172
69982,-0.9253,-1.507,-0.2172
69999,-0.9253,-1.507,-0.2172
70014,-0.9253,-1.507,-0.2172
70031,-0.9253,-1.507,-0.2172
70050,-0.9253,-1.507,-0.2174
70068,-0.9255,-1.507,-0.2176
70084,-0.9256,-1.507,-0.2175
70101,-0.9256,-1.507,-0.2175
70115,-0.9256,-1.507,-0.2176
70132,-0.9257,-1.507,-0.2175
70151,-0.9256,-1.507,-0.2174
70165,-0.9256,-1.507,-0.2174
70181,-0.9257,-1.507,-0.2173
70196,-0.9256,-1.507,-0.2173
70214,-0.9256,-1.507,-0.2173
70229,-0.9256,-1.507,-0.2173
70251,-0.9257,-1.507,-0.2174
70265,-0.9255,-1.507,-0.2175
70281,-0.9255,-1.507,-0.2175
70299,-0.9255,-1.507,-0.2175
70314,-0.9255,-1.507,-0.2174
70332,-0.9256,-1.507,-0.2175
70348,-0.9256,-1.507,-0.2175
70367,-0.9256,-1.507,-0.2175
70381,-0.9257,-1.507,-0.2176
70398,-0.9261,-1.506,-0.2176
70416,-0.9263,-1.506,-0.2174
70433,-0.9264,-1.506,-0.2171
70447,-0.9264,-1.506,-0.2171
70463,-0.9264,-1.505,-0.2165
70480,-0.9266,-1.505,-0.2153
70497,-0.9267,-1.505,-0.2125
70517,-0.9267,-1.505,-0.2123
70532,-0.9273,-1.505,-0.2052
70549,-0.9269,-1.503,-0.1924
70564,-0.9265,-1.501,-0.1783
70582,-0.9264,-1.501,-0.1749
70600,-0.925,-1.499,-0.1605
70617,-0.9217,-1.5,-0.147
70632,-0.9205,-1.496,-0.1408
70648,-0.92,-1.496,-0.1354
70665,-0.9186,-1.488,-0.128
70682,-0.9173,-1.477,-0.1173
70698,-0.9139,-1.467,-0.1132
70715,-0.9129,-1.463,-0.1071
70731,-0.912,-1.452,-0.1032
70753,-0.9123,-1.441,-0.1015
70764,-0.9107,-1.431,-0.1023
70781,-0.9097,-1.426,-0.09751
70800,-0.908,-1.413,-0.09885
70820,-0.9046,-1.405,-0.101
70833,-0.9017,-1.397,-0.1029
70847,-0.9002,-1.39,-0.1
70864,-0.8989,-1.385,-0.1035
70881,-0.8966,-1.379,-0.1068
70896,-0.8951,-1.376,-0.1087
70913,-0.8936,-1.37,-0.1074
70934,-0.8908,-1.366,-0.108
70950,-0.8887,-1.363,-0.1095
70966,-0.8876,-1.361,-0.1101
70981,-0.8867,-1.358,-0.1107
70998,-0.8852,-1.354,-0.1102
71020,-0.8845,-1.351,-0.1119
71031,-0.8836,-1.35,-0.1136
71046,-0.8823,-1.346,-0.1135
71066,-0.8808,-1.347,-0.1136
71081,-0.8796,-1.347,-0.1138
71096,-0.8783,-1.348,-0.1144
71113,-0.8793,-1.349,-0.1159
71130,-0.8783,-1.347,-0.116
71147,-0.8787,-1.348,-0.1173
71163,-0.8784,-1.349,-0.118
71182,-0.8793,-1.348,-0.1189
71199,-0.8786,-1.346,-0.1191
71213,-0.8798,-1.346,-0.1198
71231,-0.8803,-1.347,-0.1203
71249,-0.8811,-1.347,-0.1206
71264,-0.8808,-1.346,-0.1208
71282,-0.8814,-1.347,-0.1208
71299,-0.8819,-1.348,-0.1213
71314,-0.882,-1.348,-0.1223
71332,-0.8818,-1.347,-0.1226
71349,-0.8822,-1.347,-0.1233
71365,-0.8824,-1.348,-0.1234
71383,-0.8828,-1.348,-0.1236
71398,-0.8827,-1.348,-0.1238
71419,-0.8834,-1.348,-0.1252
71432,-0.8835,-1.348,-0.1263
71448,-0.8843,-1.349,-0.1273
71465,-0.8842,-1.348,-0.1277
71485,-0.8848,-1.349,-0.1281
71498,-0.8849,-1.349,-0.1284
71516,-0.8853,-1.35,-0.1289
71532,-0.8853,-1.35,-0.1292
71548,-0.8853,-1.35,-0.1295
71565,-0.8856,-1.351,-0.1296
71581,-0.8856,-1.351,-0.1301
71598,-0.8863,-1.352,-0.1304
71615,-0.8864,-1.352,-0.1308
71632,-0.8868,-1.353,-0.131
71649,-0.8871,-1.354,-0.1309
71665,-0.8881,-1.355,-0.1309
71682,-0.8883,-1.355,-0.1312
71699,-0.8904,-1.358,-0.1313
71721,-0.8933,-1.363,-0.1307
71731,-0.8953,-1.368,-0.1275
71750,-0.8961,-1.369,-0.1277
71765,-0.8978,-1.373,-0.1249
71783,-0.9021,-1.38,-0.122
71801,-0.9071,-1.39,-0.1197
71816,-0.9116,-1.397,-0.1167
71837,-0.9135,-1.401,-0.1159
71853,-0.9156,-1.409,-0.1147
71867,-0.9183,-1.418,-0.1145
71883,-0.9214,-1.432,-0.1148
71899,-0.9237,-1.437,-0.1141
71913,-0.9256,-1.446,-0.116
71930,-0.9226,-1.458,-0.1207
71947,-0.9244,-1.464,-0.1208
71965,-0.9215,-1.472,-0.1262
71983,-0.9171,-1.48,-0.1318
71998,-0.9155,-1.488,-0.14
72015,-0.9161,-1.495,-0.1419
72032,-0.915,-1.496,-0.1484
72051,-0.9165,-1.498,-0.1556
72067,-0.9173,-1.499,-0.1623
72084,-0.9172,-1.499,-0.1685
72099,-0.9177,-1.503,-0.1719
72115,-0.9162,-1.502,-0.1789
72135,-0.9158,-1.498,-0.1832
72146,-0.9161,-1.501,-0.1869
72167,-0.9148,-1.498,-0.1899
72182,-0.9145,-1.494,-0.1938
72195,-0.9142,-1.491,-0.1972
72211,-0.9143,-1.492,-0.2006
72231,-0.9151,-1.488,-0.2034
72246,-0.9162,-1.486,-0.2045
72263,-0.9153,-1.484,-0.2059
72280,-0.9153,-1.484,-0.2071
72297,-0.9154,-1.484,-0.2094
72314,-0.9159,-1.483,-0.2102
72331,-0.9172,-1.484,-0.2103
72348,-0.9188,-1.484,-0.2112
72364,-0.9191,-1.484,-0.213
72382,-0.9202,-1.485,-0.2139
72398,-0.9208,-1.484,-0.215
72415,-0.9208,-1.486,-0.2147
72434,-0.9218,-1.488,-0.2154
72450,-0.9221,-1.488,-0.2169
72465,-0.9225,-1.49,-0.2179
72487,-0.9233,-1.489,-0.2183
72498,-0.9237,-1.49,-0.2196
72515,-0.9267,-1.491,-0.2217
72533,-0.9305,-1.492,-0.2232
72547,-0.9303,-1.492,-0.2215
72565,-0.931,-1.493,-0.2227
72581,-0.9307,-1.494,-0.2213
72599,-0.9304,-1.494,-0.2208
72614,-0.9303,-1.495,-0.2202
72631,-0.9308,-1.495,-0.221
72647,-0.9299,-1.495,-0.22
72665,-0.9278,-1.496,-0.2192
72681,-0.9272,-1.495,-0.2178
72698,-0.9263,-1.495,-0.2172
72714,-0.9265,-1.495,-0.2176
72731,-0.9257,-1.495,-0.2174
72751,-0.9249,-1.495,-0.2172
72765,-0.9239,-1.495,-0.2174
72780,-0.9239,-1.495,-0.2177
72799,-0.9229,-1.494,-0.2185
72816,-0.9221,-1.493,-0.2181
72834,-0.9223,-1.493,-0.2179
72848,-0.9223,-1.493,-0.2181
72865,-0.9223,-1.494,-0.2176
72882,-0.9222,-1.494,-0.2175
72897,-0.9219,-1.494,-0.2173
72913,-0.9218,-1.494,-0.2174
72930,-0.9217,-1.494,-0.2169
72949,-0.9219,-1.494,-0.2166
72966,-0.9222,-1.495,-0.2165
72982,-0.9221,-1.495,-0.2166
72999,-0.9223,-1.495,-0.2163
73014,-0.9223,-1.495,-0.2162
73031,-0.9222,-1.495,-0.2159
73046,-0.9222,-1.495,-0.216
73062,-0.9222,-1.495,-0.2156
73080,-0.9223,-1.495,-0.2157
73097,-0.9223,-1.495,-0.2157
73113,-0.9223,-1.495,-0.2158
73131,-0.9223,-1.495,-0.2159
73151,-0.9224,-1.495,-0.2161
73163,-0.9224,-1.495,-0.2163
73182,-0.9224,-1.495,-0.2163
73201,-0.9223,-1.495,-0.2164
73216,-0.9223,-1.495,-0.2163
73231,-0.9221,-1.494,-0.2163
73246,-0.922,-1.495,-0.2164
73265,-0.9219,-1.495,-0.2163
73280,-0.9221,-1.495,-0.2162
73294,-0.9223,-1.495,-0.2162
73312,-0.9223,-1.495,-0.2163
73330,-0.9223,-1.495,-0.2162
73347,-0.9222,-1.495,-0.2162
73365,-0.9222,-1.495,-0.2164
73379,-0.9221,-1.495,-0.2165
73398,-0.922,-1.495,-0.2165
73414,-0.9221,-1.495,-0.2168
73431,-0.9222,-1.495,-0.2169
73449,-0.9222,-1.495,-0.2168
73465,-0.9222,-1.495,-0.2168
73481,-0.9222,-1.495,-0.2168
73498,-0.9222,-1.495,-0.2168
73521,-0.9222,-1.495,-0.2167
73530,-0.9222,-1.495,-0.2167
73547,-0.9221,-1.495,-0.2165
73567,-0.9221,-1.495,-0.2165
73579,-0.922,-1.495,-0.2166
73598,-0.922,-1.495,-0.2166
73613,-0.9221,-1.496,-0.2169
73632,-0.9219,-1.496,-0.2166
73649,-0.9219,-1.496,-0.2163
73665,-0.9218,-1.496,-0.2163
73684,-0.9218,-1.496,-0.2161
73698,-0.9219,-1.496,-0.2161
73714,-0.9218,-1.497,-0.2155
73732,-0.9219,-1.497,-0.2152
73746,-0.9218,-1.497,-0.2152
73764,-0.9217,-1.499,-0.2144
73783,-0.9217,-1.499,-0.2138
73798,-0.922,-1.499,-0.214
73815,-0.922,-1.499,-0.214
73832,-0.9225,-1.499,-0.214
73853,-0.9229,-1.498,-0.2143
73866,-0.9237,-1.498,-0.2143
73881,-0.9237,-1.498,-0.2142
73896,-0.9241,-1.498,-0.2138
73913,-0.9239,-1.497,-0.2139
73931,-0.924,-1.498,-0.2138
73946,-0.924,-1.497,-0.2139
73964,-0.9238,-1.498,-0.2139
73981,-0.9236,-1.498,-0.2137
73998,-0.9235,-1.498,-0.2135
74015,-0.9235,-1.498,-0.2135
74031,-0.9237,-1.498,-0.2134
74050,-0.9238,-1.498,-0.2136
74065,-0.9238,-1.498,-0.2138
74083,-0.9238,-1.498,-0.214
74100,-0.9238,-1.498,-0.2139
74118,-0.9236,-1.498,-0.2139
74133,-0.9236,-1.498,-0.2139
74148,-0.9236,-1.498,-0.2139
74165,-0.9235,-1.498,-0.2139
74181,-0.9234,-1.498,-0.2138
74196,-0.9235,-1.498,-0.2137
74215,-0.9235,-1.498,-0.2138
74230,-0.9235,-1.498,-0.2137
74246,-0.9235,-1.498,-0.2138
74265,-0.9235,-1.498,-0.2139
74279,-0.9235,-1.498,-0.2139
74299,-0.9236,-1.498,-0.2138
74313,-0.9237,-1.498,-0.2139
74331,-0.9238,-1.498,-0.2139
74349,-0.9238,-1.498,-0.2138
74367,-0.9238,-1.498,-0.2139
74382,-0.9236,-1.498,-0.2138
74396,-0.9235,-1.498,-0.2136
74415,-0.9236,-1.498,-0.2136
74433,-0.9236,-1.498,-0.2136
74449,-0.9238,-1.498,-0.2137
74465,-0.9237,-1.498,-0.2137
74482,-0.9237,-1.498,-0.2136
74499,-0.9237,-1.498,-0.2136
74516,-0.9238,-1.498,-0.2137
74533,-0.9238,-1.498,-0.2137
74553,-0.9237,-1.498,-0.2136
74567,-0.9237,-1.498,-0.2136
74583,-0.9237,-1.498,-0.2135
74600,-0.9235,-1.498,-0.2135
74619,-0.9234,-1.498,-0.2135
74633,-0.9234,-1.498,-0.2135
74650,-0.9233,-1.498,-0.2135
74665,-0.9231,-1.497,-0.2134
74682,-0.9229,-1.497,-0.2134
74701,-0.9229,-1.497,-0.2134
74715,-0.9228,-1.497,-0.2136
74732,-0.9228,-1.496,-0.2137
74750,-0.9228,-1.496,-0.2139
74765,-0.9228,-1.496,-0.2139
74783,-0.9228,-1.496,-0.214
74801,-0.9228,-1.496,-0.214
74819,-0.9225,-1.497,-0.2137
74836,-0.9222,-1.497,-0.2135
74849,-0.9222,-1.497,-0.2135
74865,-0.9222,-1.497,-0.2134
74884,-0.9223,-1.497,-0.2135
74899,-0.9223,-1.497,-0.2135
74913,-0.9223,-1.497,-0.2134
74932,-0.9223,-1.497,-0.2135
74948,-0.9224,-1.497,-0.2136
74965,-0.9224,-1.497,-0.2136
74981,-0.9223,-1.497,-0.2136
75000,-0.9224,-1.497,-0.2136
75015,-0.9224,-1.497,-0.2136
75033,-0.9224,-1.497,-0.2136
75049,-0.9224,-1.497,-0.2136
75066,-0.9222,-1.497,-0.2137
75082,-0.9222,-1.496,-0.2138
75103,-0.9221,-1.496,-0.214
75115,-0.9221,-1.496,-0.214
75133,-0.9221,-1.496,-0.2138
75149,-0.922,-1.496,-0.2137
75165,-0.9221,-1.496,-0.2138
75181,-0.9221,-1.496,-0.2138
75199,-0.9221,-1.496,-0.2137
75215,-0.9222,-1.496,-0.2138
75237,-0.9223,-1.496,-0.2139
75252,-0.9224,-1.495,-0.214
75268,-0.9224,-1.495,-0.214
75283,-0.9223,-1.495,-0.214
75301,-0.9223,-1.496,-0.2143
75315,-0.9223,-1.496,-0.2143
75334,-0.9224,-1.496,-0.2141
75351,-0.9224,-1.496,-0.214
75364,-0.9224,-1.497,-0.2137
75384,-0.9224,-1.497,-0.2137
75396,-0.9224,-1.497,-0.2133
75415,-0.9224,-1.497,-0.2133
84765,-0.9228,-1.496,-0.213
84783,-0.9225,-1.497,-0.2127
84797,-0.9223,-1.497,-0.2124
84814,-0.9221,-1.497,-0.2121
84833,-0.9221,-1.497,-0.2118
84850,-0.9224,-1.497,-0.2118
84883,-0.9224,-1.497,-0.2118
84883,-0.9229,-1.498,-0.2123
84899,-0.9232,-1.498,-0.2123
84915,-0.9232,-1.498,-0.2124
84932,-0.9232,-1.498,-0.2124
84949,-0.9234,-1.498,-0.2123
84966,-0.9238,-1.498,-0.2124
84982,-0.9237,-1.498,-0.2124
84998,-0.9236,-1.498,-0.2123
85015,-0.9237,-1.498,-0.2123
85033,-0.9236,-1.498,-0.2123
85048,-0.9238,-1.498,-0.2122
85066,-0.9239,-1.498,-0.2122
85084,-0.9239,-1.498,-0.2122
85099,-0.9238,-1.498,-0.2122
85116,-0.9239,-1.498,-0.212
85130,-0.9233,-1.497,-0.2101
85147,-0.9233,-1.497,-0.2101
85163,-0.9295,-1.491,-0.2126
85181,-0.9548,-1.472,-0.2323
85199,-0.9446,-1.481,-0.226
85215,-0.9447,-1.481,-0.2261
85232,-0.9331,-1.492,-0.2174
85249,-0.9216,-1.501,-0.2102
85265,-0.9208,-1.501,-0.2098
85281,-0.9198,-1.502,-0.2092
85298,-0.9206,-1.501,-0.2103
85315,-0.9206,-1.501,-0.2109
85332,-0.9219,-1.5,-0.2116
85349,-0.9216,-1.5,-0.2115
85367,-0.922,-1.5,-0.212
85382,-0.9222,-1.5,-0.212
85399,-0.9225,-1.5,-0.2122
85414,-0.9223,-1.5,-0.2121
85431,-0.9224,-1.5,-0.2121
85449,-0.9226,-1.499,-0.2125
85468,-0.9227,-1.499,-0.2126
85483,-0.9228,-1.499,-0.2124
85500,-0.9227,-1.499,-0.2124
85515,-0.923,-1.499,-0.2122
85532,-0.9237,-1.499,-0.2121
85550,-0.9242,-1.498,-0.2125
85565,-0.9242,-1.498,-0.2124
85583,-0.9241,-1.498,-0.2123
85598,-0.9241,-1.498,-0.2125
85615,-0.9241,-1.498,-0.2127
85632,-0.924,-1.498,-0.2127
85649,-0.924,-1.498,-0.2128
85665,-0.924,-1.498,-0.2129
85684,-0.9242,-1.498,-0.2129
85699,-0.9242,-1.498,-0.2129
85716,-0.9243,-1.498,-0.213
85732,-0.9245,-1.498,-0.2132
85751,-0.9245,-1.498,-0.2132
85766,-0.9245,-1.498,-0.2132
85783,-0.9244,-1.498,-0.2132
85798,-0.9244,-1.498,-0.2133
85815,-0.9244,-1.498,-0.2133
85833,-0.9244,-1.498,-0.2133
85849,-0.9245,-1.498,-0.2133
85869,-0.9248,-1.498,-0.2136
85880,-0.925,-1.497,-0.2135
85897,-0.925,-1.498,-0.2135
85914,-0.9251,-1.497,-0.2135
85931,-0.9251,-1.498,-0.2135
85950,-0.9251,-1.498,-0.2134
85966,-0.925,-1.498,-0.2132
85984,-0.925,-1.498,-0.2132
85996,-0.9249,-1.498,-0.2132
86013,-0.9248,-1.498,-0.213
86030,-0.9248,-1.498,-0.213
86049,-0.9247,-1.498,-0.2129
86063,-0.9248,-1.498,-0.2129
86083,-0.9248,-1.498,-0.2129
86099,-0.9248,-1.498,-0.2128
86116,-0.9248,-1.498,-0.2128
86132,-0.9249,-1.498,-0.213
86149,-0.9249,-1.498,-0.213
86165,-0.925,-1.498,-0.2132
86182,-0.925,-1.498,-0.2132
86199,-0.9251,-1.498,-0.2132
86215,-0.925,-1.498,-0.2132
86232,-0.9249,-1.498,-0.2133
86249,-0.9249,-1.498,-0.2133
86265,-0.925,-1.498,-0.2132
86281,-0.925,-1.497,-0.2133
86301,-0.9251,-1.498,-0.2134
86316,-0.9251,-1.498,-0.2134
86331,-0.9251,-1.498,-0.2133
86347,-0.9252,-1.498,-0.2133
86366,-0.9253,-1.497,-0.2133
86382,-0.9253,-1.497,-0.2133
86399,-0.9255,-1.497,-0.2136
86416,-0.9256,-1.497,-0.2136
86432,-0.9257,-1.497,-0.2137
86450,-0.9257,-1.497,-0.2137
86465,-0.9257,-1.497,-0.2136
86482,-0.9259,-1.498,-0.2137
86501,-0.9262,-1.498,-0.2139
86515,-0.9263,-1.498,-0.2139
86534,-0.9261,-1.498,-0.2139
86549,-0.9261,-1.498,-0.2139
86566,-0.9261,-1.498,-0.2139
86583,-0.926,-1.497,-0.2139
86599,-0.9261,-1.497,-0.2139
86617,-0.926,-1.497,-0.214
86633,-0.9259,-1.497,-0.2141
86649,-0.9258,-1.497,-0.2141
86666,-0.9258,-1.497,-0.2141
86683,-0.9254,-1.497,-0.2141
86700,-0.9245,-1.496,-0.214
86718,-0.9241,-1.496,-0.2141
86732,-0.924,-1.496,-0.2141
86749,-0.9243,-1.496,-0.214
86764,-0.9244,-1.497,-0.214
86781,-0.9243,-1.496,-0.2141
86801,-0.9243,-1.496,-0.2141
86815,-0.9241,-1.497,-0.2141
86834,-0.9243,-1.496,-0.2142
86848,-0.9247,-1.496,-0.2145
86867,-0.9247,-1.496,-0.2145
86884,-0.9249,-1.496,-0.2144
86899,-0.9251,-1.496,-0.2147
86915,-0.9252,-1.496,-0.2145
86932,-0.9252,-1.496,-0.2145
86948,-0.9254,-1.496,-0.2144
86966,-0.9253,-1.496,-0.2143
86981,-0.9249,-1.496,-0.2142
87001,-0.9249,-1.496,-0.2142
87015,-0.9247,-1.496,-0.2142
87032,-0.9247,-1.496,-0.2142
87051,-0.9247,-1.496,-0.2142
87064,-0.9247,-1.496,-0.2142
87085,-0.9247,-1.496,-0.2141
87099,-0.9248,-1.496,-0.2141
87115,-0.9248,-1.496,-0.2141
87132,-0.9248,-1.496,-0.2141
87149,-0.9248,-1.496,-0.2141
87164,-0.9247,-1.496,-0.2141
87179,-0.9247,-1.496,-0.2141
87196,-0.9247,-1.496,-0.2141
87213,-0.9247,-1.496,-0.2141
87230,-0.9248,-1.496,-0.2142
87247,-0.9248,-1.496,-0.2142
87265,-0.9247,-1.495,-0.2144
87281,-0.9247,-1.495,-0.2144
87299,-0.9249,-1.495,-0.2147
87315,-0.9249,-1.495,-0.2148
87333,-0.9247,-1.495,-0.2149
87348,-0.9247,-1.495,-0.2149
87366,-0.9243,-1.495,-0.215
87382,-0.9241,-1.495,-0.2148
87399,-0.9241,-1.495,-0.2148
87416,-0.9241,-1.495,-0.2148
87435,-0.924,-1.495,-0.2146
87448,-0.9239,-1.495,-0.2145
87466,-0.924,-1.495,-0.2146
87482,-0.924,-1.495,-0.2146
87499,-0.9241,-1.495,-0.2147
87515,-0.9241,-1.495,-0.2146
87531,-0.9242,-1.495,-0.2146
87549,-0.9242,-1.495,-0.2146
87566,-0.9242,-1.495,-0.2146
87584,-0.924,-1.495,-0.2145
87599,-0.9239,-1.496,-0.2144
87616,-0.9239,-1.496,-0.2144
87632,-0.9239,-1.496,-0.2143
87649,-0.9238,-1.495,-0.2142
87665,-0.9238,-1.495,-0.2142
87682,-0.9237,-1.495,-0.2143
87702,-0.9237,-1.495,-0.2143
87715,-0.9238,-1.495,-0.2143
87734,-0.9238,-1.495,-0.2142
87751,-0.9238,-1.495,-0.2142
87766,-0.9238,-1.495,-0.2142
87783,-0.9235,-1.495,-0.2142
87801,-0.9236,-1.495,-0.2142
87816,-0.9236,-1.495,-0.2142
87833,-0.9236,-1.495,-0.2142
87850,-0.9235,-1.495,-0.2141
87866,-0.9235,-1.495,-0.2141
87883,-0.9236,-1.495,-0.2141
87899,-0.9236,-1.495,-0.2141
87914,-0.9237,-1.495,-0.2142
87932,-0.924,-1.496,-0.214
87948,-0.9242,-1.496,-0.2137
87968,-0.9242,-1.496,-0.2137
87984,-0.9242,-1.496,-0.2139
87999,-0.924,-1.496,-0.214
88015,-0.924,-1.496,-0.2142
88032,-0.924,-1.496,-0.2142
88049,-0.924,-1.495,-0.2147
88066,-0.924,-1.495,-0.2147
88085,-0.924,-1.495,-0.2146
88098,-0.924,-1.495,-0.2146
88117,-0.924,-1.495,-0.2144
88131,-0.9241,-1.495,-0.2141
88150,-0.9241,-1.495,-0.2141
88165,-0.9241,-1.495,-0.2141
88183,-0.9241,-1.495,-0.2142
88199,-0.924,-1.495,-0.2141
88213,-0.9242,-1.495,-0.2141
88230,-0.9242,-1.495,-0.2141
88248,-0.9244,-1.495,-0.214
88264,-0.9245,-1.496,-0.2141
88282,-0.9247,-1.496,-0.214
88299,-0.9249,-1.496,-0.2141
88317,-0.9249,-1.496,-0.2141
88334,-0.9249,-1.496,-0.2141
88348,-0.9248,-1.496,-0.214
88366,-0.9248,-1.496,-0.214
88382,-0.9249,-1.496,-0.214
88400,-0.925,-1.496,-0.2141
88415,-0.925,-1.496,-0.214
88432,-0.925,-1.496,-0.2141
88450,-0.925,-1.496,-0.2141
88465,-0.9252,-1.496,-0.2142
88484,-0.9253,-1.496,-0.2141
88503,-0.9252,-1.496,-0.2141
88516,-0.9252,-1.496,-0.2141
88533,-0.9252,-1.497,-0.2141
88548,-0.9252,-1.497,-0.2141
88563,-0.9253,-1.497,-0.2142
88582,-0.9253,-1.497,-0.2142
88599,-0.9251,-1.497,-0.214
88614,-0.9249,-1.497,-0.2139
88633,-0.9248,-1.497,-0.2137
88647,-0.9248,-1.497,-0.2137
88665,-0.9247,-1.497,-0.2136
88684,-0.9248,-1.497,-0.2136
88699,-0.9249,-1.496,-0.2137
88713,-0.925,-1.496,-0.2137
88731,-0.9248,-1.496,-0.214
88747,-0.9246,-1.495,-0.2146
88763,-0.9242,-1.495,-0.2146
88784,-0.9241,-1.495,-0.2148
88801,-0.924,-1.495,-0.2148
88816,-0.9239,-1.495,-0.2151
88832,-0.9239,-1.495,-0.2151
88848,-0.9237,-1.495,-0.2151
88865,-0.9237,-1.495,-0.2151
88881,-0.9234,-1.495,-0.2151
88899,-0.9232,-1.495,-0.215
88913,-0.9233,-1.495,-0.2149
88932,-0.9233,-1.495,-0.2149
88950,-0.9234,-1.495,-0.2148
88966,-0.9236,-1.494,-0.215
88981,-0.9236,-1.493,-0.2147
88998,-0.9236,-1.493,-0.2147
89016,-0.9235,-1.493,-0.2146
89033,-0.9235,-1.494,-0.2146
89053,-0.9232,-1.494,-0.2146
89065,-0.9232,-1.494,-0.2147
89082,-0.9232,-1.494,-0.2149
89100,-0.9232,-1.494,-0.2149
89115,-0.9232,-1.494,-0.2148
89135,-0.9232,-1.494,-0.2149
89146,-0.9232,-1.494,-0.2149
89162,-0.9232,-1.494,-0.2151
89180,-0.9234,-1.494,-0.216
89197,-0.9234,-1.494,-0.2161
89214,-0.9236,-1.493,-0.2159
89233,-0.9237,-1.493,-0.2158
89253,-0.9237,-1.494,-0.2151
89265,-0.924,-1.497,-0.2114
89281,-0.924,-1.497,-0.2111
89298,-0.9254,-1.504,-0.1986
89316,-0.929,-1.508,-0.1834
89332,-0.933,-1.509,-0.1682
89347,-0.9338,-1.51,-0.1635
89365,-0.9394,-1.509,-0.1524
89386,-0.9456,-1.501,-0.143
89397,-0.9545,-1.496,-0.1344
89416,-0.9573,-1.496,-0.1284
89431,-0.968,-1.483,-0.1193
89448,-0.9781,-1.469,-0.1145
89464,-0.9892,-1.452,-0.1147
89481,-0.995,-1.447,-0.1088
89499,-1.008,-1.428,-0.108
89518,-1.023,-1.405,-0.1115
89530,-1.034,-1.385,-0.1167
89548,-1.043,-1.374,-0.1135
89565,-1.045,-1.36,-0.1199
89583,-1.051,-1.343,-0.123
89598,-1.049,-1.338,-0.1229
89615,-1.055,-1.327,-0.1219
89632,-1.055,-1.319,-0.1228
89648,-1.054,-1.313,-0.1256
89665,-1.054,-1.301,-0.1263
89687,-1.054,-1.295,-0.1291
89698,-1.057,-1.286,-0.1294
89714,-1.055,-1.285,-0.1314
89731,-1.053,-1.28,-0.1357
89748,-1.053,-1.277,-0.1395
89765,-1.055,-1.27,-0.1407
89779,-1.055,-1.269,-0.1443
89796,-1.052,-1.268,-0.1464
89814,-1.051,-1.266,-0.1486
89833,-1.052,-1.261,-0.1501
89848,-1.05,-1.259,-0.1527
89866,-1.05,-1.258,-0.154
89882,-1.049,-1.256,-0.1541
89899,-1.049,-1.253,-0.1554
89916,-1.049,-1.25,-0.1572
89931,-1.05,-1.247,-0.1595
89947,-1.05,-1.246,-0.1616
89965,-1.05,-1.243,-0.163
89987,-1.051,-1.241,-0.165
89998,-1.05,-1.24,-0.1653
90016,-1.048,-1.238,-0.1659
90031,-1.048,-1.236,-0.1671
90047,-1.048,-1.237,-0.1682
90065,-1.047,-1.236,-0.1664
90083,-1.046,-1.236,-0.1659
90101,-1.045,-1.234,-0.1667
90116,-1.043,-1.233,-0.166
90132,-1.041,-1.233,-0.1668
90149,-1.041,-1.236,-0.1681
90166,-1.04,-1.235,-0.1689
90183,-1.037,-1.237,-0.1684
90198,-1.036,-1.238,-0.1679
90218,-1.037,-1.238,-0.1674
90231,-1.037,-1.237,-0.1678
90250,-1.036,-1.237,-0.1674
90265,-1.036,-1.238,-0.1677
90280,-1.036,-1.239,-0.1688
90299,-1.036,-1.24,-0.1684
90314,-1.036,-1.24,-0.1688
90333,-1.036,-1.24,-0.1696
90346,-1.036,-1.24,-0.17
90362,-1.036,-1.241,-0.1726
90379,-1.035,-1.241,-0.1745
90399,-1.035,-1.243,-0.1746
90412,-1.034,-1.244,-0.1742
90431,-1.031,-1.246,-0.1736
90447,-1.03,-1.246,-0.1741
90465,-1.025,-1.248,-0.1716
90481,-1.02,-1.254,-0.1699
90498,-1.012,-1.263,-0.1657
90519,-1.009,-1.265,-0.1653
90533,-1.002,-1.273,-0.1579
90548,-0.9963,-1.281,-0.1505
90564,-0.9917,-1.288,-0.1436
90587,-0.9877,-1.291,-0.1411
90598,-0.9814,-1.3,-0.136
90616,-0.9771,-1.31,-0.1342
90632,-0.9731,-1.316,-0.1346
90647,-0.9689,-1.321,-0.1325
90668,-0.9651,-1.335,-0.1321
90681,-0.9621,-1.346,-0.1298
90699,-0.9638,-1.35,-0.1328
90715,-0.9605,-1.356,-0.1314
90732,-0.9601,-1.36,-0.1337
90753,-0.9617,-1.361,-0.1354
90770,-0.9629,-1.362,-0.1392
90781,-0.9608,-1.367,-0.1389
90799,-0.9622,-1.371,-0.1417
90816,-0.9633,-1.372,-0.1441
90834,-0.9633,-1.373,-0.1473
90847,-0.9621,-1.377,-0.1479
90866,-0.963,-1.377,-0.1522
90881,-0.9647,-1.376,-0.1578
90896,-0.9649,-1.374,-0.162
90915,-0.9642,-1.377,-0.1635
90931,-0.9639,-1.373,-0.1695
90949,-0.9628,-1.37,-0.1722
90967,-0.9617,-1.368,-0.1729
90981,-0.9625,-1.367,-0.1745
90997,-0.962,-1.368,-0.176
91014,-0.963,-1.368,-0.1778
91032,-0.9621,-1.366,-0.1797
91050,-0.9618,-1.366,-0.1805
91067,-0.9614,-1.366,-0.1817
91082,-0.9622,-1.367,-0.1807
91099,-0.9622,-1.368,-0.181
91113,-0.9615,-1.369,-0.1815
91129,-0.9612,-1.369,-0.1824
91145,-0.9602,-1.37,-0.1826
91162,-0.9601,-1.371,-0.183
91180,-0.9597,-1.37,-0.1832
91197,-0.9594,-1.37,-0.1839
91214,-0.9595,-1.253,-1.08
91232,-0.5047,-1.529,-0.1542
91249,-0.5038,-1.531,-0.155
91263,-0.5038,-1.531,-0.155
91282,-0.5002,-1.534,-0.1567
91298,-0.4925,-1.538,-0.1538
91315,-0.4843,-1.544,-0.154
91334,-0.4843,-1.544,-0.154
91355,-0.4843,-1.544,-0.154
91610,-0.547,-1.475,-0.01221
91836,-0.5627,-1.121,0.01485
92066,-0.5642,-1.12,0.01283
92295,-0.5646,-1.127,0.01715
92517,-0.5622,-1.128,0.01429
92744,-0.5637,-1.119,0.0113
92980,-0.5624,-1.118,0.005081
93205,-0.5622,-1.121,0.01227
93434,-0.5617,-1.122,0.01204
93493,-0.5631,-1.118,0.01026
93718,-0.5656,-1.123,0.01077
93844,-0.5617,-1.123,0.01177
93899,-0.5635,-1.121,0.0136
93959,-0.5625,-1.123,0.01535
94026,-0.5596,-1.126,0.01054
94086,-0.5635,-1.123,0.01156
94150,-0.5647,-1.126,0.0151
94207,-0.5622,-1.119,0.01093
94263,-0.5646,-1.122,0.01374
94496,-0.5636,-1.123,0.01154
94727,-0.5604,-1.128,0.01077
94954,-0.5632,-1.122,0.01391
95181,-0.5611,-1.113,0.004857
95465,-0.5633,-1.118,0.009605
95691,-0.5607,-1.127,0.01429
95928,-0.563,-1.12,0.01262
96157,-0.5619,-1.124,0.009237
96388,-0.5631,-1.124,0.0154
96618,-0.563,-1.122,0.01369
96852,-0.5628,-1.122,0.01392
97075,-0.5637,-1.119,0.009543
97148,-0.5632,-1.119,0.01226
97199,-0.5634,-1.124,0.01481
97260,-0.5626,-1.12,0.01399
97318,-0.5636,-1.123,0.01388
97380,-0.5626,-1.124,0.01436
97449,-0.5641,-1.121,0.01231
97501,-0.5641,-1.121,0.01132
